distance,index
[],[]
[259.4 175.4 163.   56.7 172.3 191.4  45.5   0.  380.6 297.4 448.8 365. ],[201 180 235 129 423 110 649 258 461 605 606  22]
"[359.2 203.7 199.  444.8 219.8 431.  236.  485.7 417.8   0.  195.3 403.
 303.1 358.  118.1 431.  421.3 165.2 245.2 248.8 250.1 140.8]","[164 262 407 287 216 168 165  45  12 521 712 593 230 330 581 217 342 447
 146 261 528 183]"
"[416.7 378.6 484.6 381.5 373.7 466.9 333.4 330.  111.1  60.6 314.1 149.9
 121.6   0.  296.7 145.9 251.2 347.  290.6 194.9 232.9 283.3 156.7 212.1
 327.9 442.2 405.1]","[502  58  64 576 550 556 208 568 250 296   4 350 215  14 463 546 537 343
 406 641 435 467 101 285 426 269 344]"
"[163.    2.2 144.5 191.6   0.   53.9  63.2 489.2  78.1  99.6 112.  266.
 249.6 105.9  85.8]",[326 206 737 223  31 306 263 200 229 424 310 311 698 623 227]
[327.3 316.9 238.1 126.3   0.  174.5],[255  20 162 580 505 509]
[  0.  329.8],[ 79 475]
"[402.  354.2 340.5 340.5 340.4 340.5 365.6 372.9 129.4 103.4 169.9 145.1
 102.9   0.  165.  115.9 227.9 264.1 298.  281.5  26.6 290.6 410.5 402.
 463.  474.1 289.9 329.3]","[746 544 612 671 226 710  26 160 374  54 335 695 713 382 602 624 500 629
 685 318 347 199 205 725  95 169 334  57]"
[36.7 84.7 30.4  0. ],[ 52 243 352  75]
"[245.2 279.1 319.9 443.3  64.6  21.4 219.8 388.5 172.8   0.    0.  298.8
  79.  439.6  59.1 298.5 234.3 183.4 386.2 303.2 283.5 174.1 392.8 236.8
 232.7 496.1 368.  368.  460.1 280.7 288.5 468.1]","[224 317 743 616 534 632 555 387 468 471  72 613 610 137 179 541 267 240
 663 100 171 246 145 642 106 496 489 607 231 189 653  28]"
[0.],[27]
"[484.3 482.1 458.1 219.7 250.1 482.2 344.7 298.4 194.9 481.  340.7 341.3
 202.9 369.3   0.   55.5 378.5 208.7  84.2 390.4 247.3 383.6 339.7 452.9
 378.  485.3 465.1 479.4]","[ 58 576 208 250 296   4 350 215  14 463 546 537 343 406 641 435 467 101
 285 426 269 344 508 490 371 491 362 204]"
[133.8  28.3 246.8 246.8   0.  335.8 482.7 248.4 484.6],[380 450 428  84 367 404 512 661 294]
"[477.7 434.  421.  418.  445.6 450.2 461.9 401.1 480.2 327.4 314.5 487.9
 352.9 321.9 436.7 435.9 342.5 327.4 362.1 362.1 278.6 261.  299.7 299.7
 229.4 405.6 393.3 393.3 373.2 152.9   0.   53.9   0.  434.2 147.8 463.2
 349.6 171.1 381.1 367.3 496.3 454.9]","[743 611 616  19 613  85 541  91 240 663 138 246 145 290 642 106 454 363
 113 582 496 187 489 607 231 189 653  33 174 634 480 394 583  97 211 402
 670 608 525 198  28  44]"
"[249.2 455.7   0.  231.6 141.8 178.6 338.7 103.8 259.1 330.9 208.8 154.4
 333.4 159.8 322.  250.7 432.7 232.6 401.5 222.5 199.8 148.9 386.7 354.5
 273.4]","[430 324 522 702 515 239 346  13 333 693 349 172  77 439 300 563 278 476
 519 479 742 495 351 628 730]"
[119.6   0.  124.9 263.6 343.3],[436  40 405 271  37]
[0.],[718]
[437.5 259.   76.1 218.1 406.1   0. ],[324 681 323 376 723 283]
[196.2 196.8   0.  318.8 280. ],[711 445 457 257 592]
[  0.  451.7 208.4 488.3 480.4 148.1],[385  39 444 665 506 456]
"[430.3 163.7 306.9 163.5 438.4 243.7 442.1 182.1 359.9 158.6 344.4 189.1
  70.8 172.2   0.    0.  250.4 243.  420.1 420.1 330.6 347.6 299.7 283.8
 362.1 316.1 362.1 373.4 499.8 362.2 342.9]","[743 611 616  19 613  85 541  91 663 138 145 290 454 363 113 582 496 187
 489 607 231  33 174 634 480 394 583  97 211 198  44]"
"[193.3 180.5  49.6 209.1 498.5 339.4   0.  146.3  45.8 444.5  39.9 149.5
 432.5  66.2 144.6 271.2 329.7 222.5 285.8 459.9]","[ 23 493 304 706 233 353 337 617 729 733 284 123 140 375  87  42 678 420
 438 264]"
"[485.3 489.  472.8 436.5 398.6   0.  101.5 396.1 196.  213.3 111.1 360.9
 189.9 361.9 409.9 182.1 219.7 233.3 178.9  57.8 191.3 217.7 451.6 301.1
 403.4 454.8 428.8]","[ 58 576 550 208 568 250 296   4 350 215  14 463 546 537 343 406 641 435
 467 101 285 426 269 344 490 491 362]"
"[120.1 274.1 336.8 365.3 358.4 444.5 404.1 453.5 481.9  26.6   7.6   0.
 395.  125.2 123.7 164.2 305.7]",[270 119 599 254 535 626 116 553 470 315  61 338 182  70 684  18 163]
"[225.5 218.1 269.2 410.7 271.2 421.5 467.5 317.4 310.2 349.8 349.5 427.9
 275.4 226.7 303.1 214.4 161.8   0.  477.4 105.1 430.3 213.4 448.4 499.2
 462.4 487.7 372.4 428.6 471.7 198.4 315.  423.1]","[164 262 407 287 216 416 148 168 165 340  90 104  45  12 521 712 593 230
  73 330 503 581 540 441  60 184 217 212 355 342 447 183]"
[0.],[631]
"[363.2  48.5 168.3 398.7 471.7   5.9   0.  303.7  88.5  77.6 297.8 374.7
 184.9  90.   74.9]",[694 731 513 564 719 588 603 314 281 600 717 464 292 203 704]
[321.6 333.6  31.5 286.7 188.9 216.8 121.  441.  379.2   0.  486.5  15. ],[643 222  51  92 732  43 575 307 196 157 675  82]
[70.8  0.  67. ],[ 66  55 622]
[  0.  183.9 128.1 468.3],[400 421   6 272]
"[259.1 485.7 282.  269.6 310.8 486.9 154.7 295.5   0.  172.8  88.1 112.
 107.6 103.9  63.  179.  194.  179.6 399.3 224.7  38.2 194.5 227.2 449.4
 317.  223.1]","[522 702 515 239 677 591 346  13 333 693 349 172  77 439 300 563 278 476
 625 519 479 742 495  68 628 730]"
[  0.  148.8 170.1 122.6 103.8 175.5],[  8  80 228  59 619  48]
[431.6 100.4   0.  154.7 307.1],[518 736 655  17 549]
[487.2  45.   34.6 200.9   0.   16.   53.9  54.5],[320 173 437 242 497 345 142 309]
"[241.6 250.2 259.2 262.5 356.7 178.9 356.7 151.2 193.4   0.  398.6 300.3
  59.5 203.7 212.4 330.   39.7 210.  267.6 487.8 456.4]","[502  58  64 576 621 550 291 556 208 568 250 296   4 350 215  14 463 546
 537 467 101]"
[  0.  179.1 492.4 231.4 226.5],[669 329 132 126 259]
"[309.  278.2 371.1 283.7 474.3 259.6 345.4 225.3 212.4 213.3 113.6 192.6
  89.4   0.  121.6 182.7  91.1 178.  405.1 371.2 298.4 344.2 355.4 267.9
 330.4 412.7]","[502  58  64 576 348 550 556 208 568 250 296   4 350 215  14 463 546 537
 343 406 641 435 467 101 285 426]"
"[ 21.2 250.9 231.6   0.  248.7 361.4 207.1 485.7 420.8 385.6 382.4 422.8
 428.4 404.3 450.8 365.2 301.7 260.6 467.  424.3]","[430 324 522 702 515 239  13 333 349 172 439 563 681 476 479 742 495 351
 628 730]"
"[415.3 358.9 447.1 308.2 291.3 422.7 422.3   0.   78.4 394.5 398.7  95.
 154.4 485.7 329.1 158.  170.8  51.  470.6 425.6 427.5]","[637 233 731 639 245 733 140 564 719 588 603 314 112 281 600 232 144 464
 203 704 601]"
[468.3 183.1 146.9  70.5  89.4   0. ],[400 178 341 327  29 272]
[  0.  448.8],[412 414]
"[379.1 262.2 315.8 213.  269.  361.8 129.8 107.6  85.9   0.  127.6 125.3
 426.3 125.3]",[170 432 218 234 225 587 683 486 316 249 359 697 504  78]
"[444.6 156.4 418.2 247.1 401.7 183.6 240.3 442.6 365.8 236.8 236.8 108.1
 307.6 287.3 347.6 121.9 101.9 367.5  60.3 152.2 482.  352.1 466.9  75.5
 167.1 322.6   0.   14.4 441.1 340.3 263.5 275.7 137.1 137.1 224.  153.8
 148.8 315.  436.7 403.9 436.7 418.3]","[224 743 611 616  19 534 632 555 468 471  72 613 610 179  85 541 267  91
 240 663 100 138 171 246 145 290 642 106 454 363 496 187 489 607 231 189
 653 634 480 394 583  28]"
"[249.1 304.9 214.8 285.8 407.4 461.9 460.1 460.1 216.4 278.7 232.5 276.8
 255.7 277.6  98.  192.4 289.1 126.8 175.9 224.  227.4 271.7 191.8 330.6
 330.6  99.7  95.6  97.5  97.5   0.  258.2 244.7  91.2 229.4 187.3 229.4
 357.6 388.2 466.1 463.2]","[743 611 616  19 534 632 471  72 613  85 541 267  91 240 663 138 246 145
 290 642 106 454 363 113 582 496 187 489 607 231 189 653 634 480 394 583
 211 608 525  28]"
"[445.9 400.4 243.6 441.9 429.5 424.6 444.5 219.6 494.2  87.2 386.8 144.2
 205.6   0.  341.1]",[ 23 493 353 617 123  87 678 175 317  71 387 417 647   1 137]
[27.  0.],[354 390]
[241.9 474.3 170.5  15.4   0.   40.8 254.7 286.  192.9 392. ],[202 251 484  32 427 494 635 565 411 289]
"[239.3 474.5 472.  443.8 269.2 368.6 427.5 350.7 447.6 352.4 310.5 286.4
 272.1 428.1   0. ]",[233 639 245 733 140  42 564 719 420 438 112 232 144 464 601]
[481.2 491.1   0.    0. ],[ 97  44 609 645]
"[246.5 381.2 119.8 427.7   0.  450.4 172.8 430.6 168.3 471.8  86.5 242.8
 135.1  61.  122.  169.2]",[694 193 731 577 513  25 588 559 603 314 281 600 717 292 203 704]
[ 0.  46.8],[252 548]
[252.3 228.  270.6 173.6  24.4   0. ],[413 422 265 543   7 399]
"[493.  383.2 404.1 317.1 287.5 200.2 262.9 369.7  92.7 270.  201.9 316.4
  70.9   0.  379.2 107.3 371.7 200.9]",[ 39 665 506 474 643  83 222  51  92 732  43 575 307 196 157 675  82  74]
"[191.3 254.4 356.7 330.4 212.1 351.7 406.5 278.3 307.8  84.2  52.7 322.1
 159.6   0.  322.9 262.5 300.4 345.  368.8 357.3 402.5 381.8 457.1 459.8
 479.2]","[250 296 350 215  14 546 537 343 406 641 435 467 101 285 426 269 344 508
 490 371 491 362 204 221 396]"
"[151.6 286.5 145.8 268.3 328.4 391.4 386.2 386.2 119.  459.1 438.7 233.6
 134.6 182.8 234.2 211.9   0.  203.  226.2  39.7 175.3 152.2 160.4 291.9
 193.3 359.9 359.9 111.4 123.8  88.9  88.9  98.  242.5 230.7 183.5 327.4
 284.  327.4 453.8 485.  486.4]","[743 611 616  19 534 632 471  72 613 610 179  85 541 267  91 240 663 138
 246 145 290 642 106 454 363 113 582 496 187 489 607 231 189 653 634 480
 394 583 211 608  28]"
[126.5   0.  184.9 188.4 156.2],[551 369  67  38  46]
[344.7 298.  492.5 150.8  23.7   0.   89.3 118.2  89.3],[656 664  47 657 530 538 268 572 434]
"[  0.  301.2 100.4 474.9 487.3 485.2  36.9 390.2 185.1 419.1 363.5 151.9
  54.4]",[680 677 591 346 693  77 105 278 625 519   0  68 419]
[  0.  248.6 279.8 440.3],[578 650 460 133]
[13.8 74.7  0.  30.4],[ 52 243 352  75]
[207.2 186.  241.5   0.  162.7 187.4],[644 574 186 301 458 273]
[492.3 422.2 269.2 254.7 214.6   0.  109.8 140.9 167.1],[202 484  32 427 494 635 565 411 289]
[  0.  345.  274.5 292.5 374.8 381.7 316.5 301.4 414.5 379.1 485.5 485.5],[170 432 218 234 225 587 683 486 316 249 697  78]
"[218.9  88.5 100.6  81.5 474.3 247.6   0.  242.9 305.   64.8 404.  233.6
 142.8 420.  197.4 128.6 347.6 360.6 182.3 126.1 243.7 243.7 184.4 197.4
 321.5 321.5 278.7 472.1 461.2 305.5 450.2 396.4 450.2]","[743 611 616  19 534 613  85 541 267  91 240 663 138 246 145 290 642 106
 454 363 113 582 496 187 489 607 231 189 653 634 480 394 583]"
[46.8  0. ],[252 548]
"[215.3 368.4 234.4 349.7 319.2 368.3 474.5 368.  368.  169.1 432.9 413.4
 321.5 187.9 212.6 316.4 184.6  88.9 270.9 194.7 128.  247.7 137.1 137.1
 356.7 265.4 420.1 420.1 173.  177.4   0.    0.   97.5 166.5 153.4 184.1
 299.7 267.5 299.7 406.3 439.7 448.8 398.6]","[743 611 616  19 534 632 468 471  72 613 610 179  85 541 267  91 240 663
 138 246 145 290 642 106 454 363 113 582 496 187 489 607 231 189 653 634
 480 394 583 211 608 525  28]"
"[ 51.5 325.4 148.  310.5 235.6 308.8 451.3 298.8 298.8   0.  376.6 356.
 247.6  19.   69.8 277.5 158.5 119.  281.6 174.6 105.2 250.3 108.1 122.4
 367.6 266.4 438.4 438.4 211.3 228.1 169.1 169.1 216.4 256.3 248.9 302.3
 445.6 403.  445.6]","[743 611 616  19 534 632 468 471  72 613 610 179  85 541 267  91 240 663
 138 246 145 290 642 106 454 363 113 582 496 187 489 607 231 189 653 634
 480 394 583]"
[167.8   0. ],[569 299]
[  0.  135.   48.4 207.2  62.7  39.2],[644 574 186 301 458 273]
[282.5 211.2  56.   40.8   0.  214.6 246.4 156.3 351.6],[202 484  32 427 494 635 565 411 289]
[474.7 426.3 342.7 304.7   0.  304.7 487.3 293.3],[316 249 359 697 504  78 741 640]
[233.1  93.7   0. ],[440 585 366]
"[350.5 405.2 377.6 449.6 425.7 370.7 281.5 119.7 166.2  55.3  68.8   0.
 307.   49.2 311.7 443.9 315.7 319.6 454.3 345.5  54.8 415.2]","[544 374  54 335 695 713 382 602 624 500 629 318 347 199 205 287 725  95
 148 169 334  57]"
"[369.1  53.1 172.8 394.5 467.2   0.    5.9 299.5  91.9  72.1 301.6 370.1
 188.   90.7  72.4]",[694 731 513 564 719 588 603 314 281 600 717 464 292 203 704]
[  0.  167.8],[569 299]
"[368.4 471.7 105.6 180.6 110.8 183.5 131.5  16.8 178.4 201.1  90.3   0.
 478.  308.7]",[159 230  73 503 540 441  60 184 604 217 212 355 447 377]
"[453.8 462.3 484.4 469.1 487.2 475.1 499.8 499.8 421.4 404.8 406.3 406.3
 357.6 468.1 458.2 443.8 439.  294.8 147.8 201.7 147.8 481.7   0.  380.3
 215.7  34.6 297.  408.1 476.4]","[663 138 145 290 454 363 113 582 496 187 489 607 231 189 653  33 174 634
 480 394 583  97 211 402 670 608 525 198  28]"
[227.9 262.  176.7   0.  358.4 357.2 269.9],[381 679  15 558 244  11 734]
[468.1 449.8 210.  417.9 210.8 210.2 188.5 152.2 138.1   0.   14.4],[595 485 121 465 219  53 705 358 114 668 448]
[351.7  96.4   0.  492.9 259.1],[658 744 527 376 723]
"[307.9 343.7 255.4 379.1   0.   79.2 284.3 450.5 233.1  64.6  64.6 235.6
 143.6 123.5 474.3 234.6 170.  137.8 328.4 363.  343.9 133.  332.2 484.8
 183.6 182.1 436.8 451.2 319.2 319.2 407.4 257.9 263.  498.5 475.7]","[224 317 743 616 534 632 555 387 468 471  72 613 610 179  85 541 267 240
 663 100 171 246 145 290 642 106 496 187 489 607 231 189 653 634  28]"
"[228.8 418.9 479.  483.6 489.8 189.6 170.6 164.2 248.  110.5 105.    0.
 231.8]",[270 119 599 254 535 315  61 338 182  70 684  18 163]
[ 87.4   0.   74.7  84.7 492.8],[ 52 243 352  75   9]
[393.5   0.  122.2 348.6   6.5],[627 103 134 288 260]
[ 0.  67.6],[303 117]
[263.5 477.1 213.  285.5 115.2 107.  177.2  65.    0.  134.1],[111 589 118 158 397 459 727 151 526  98]
[230.8 230.    0. ],[701 107  50]
[477.2 466.6   0. ],[508 204 214]
"[452.2 448.4 212.4 272.3 432.    0.  289.6  25.  112.2 287.  106.9  32.8
 110.8 389.1 202.5]",[159 230  73 503 581 540 441  60 184 604 217 212 355 447 377]
[219.  251.    0.    0.  246.8 450.6],[380 450 428  84 367 661]
[ 28.3   0.  362.9 418.6 276.8  71.9 404.2 190.3 368.5 486.8 315.5 155.2],[709 499 598 487 143  69 533 266 256 415 275 654]
[ 0. 27.],[354 390]
"[322.8 148.9 301.7  58.8 301.9 399.6 232.7  95.  227.2 214.5 142.1 178.6
 252.6 135.9 283.  121.3 346.1 102.7 281.7 204.9  63.6   0.  342.5 205.6
 130.7]","[430 522 702 515 239 677 346  13 333 693 349 172  77 439 300 563 278 476
 519 479 742 495 351 628 730]"
[371.    0.   64.9 155.2],[348  10 308 596]
"[151.9 151.1  56.4 327.8 449.4 337.8 460.9 345.5 407.3 428.7 117.1 257.5
 447.5  69.5 268.5 484.  486.4   0.  201.9 419.  428.5]","[680 677 591 346 333 693 349  77 300 563 105 278 476 625 519 479 742  68
 419 628 730]"
"[345.1 353.5 326.  397.  371.4 315.6 227.9  64.5 112.1   0.   81.5  55.3
 253.   69.4 301.9 454.4 302.8 322.3 441.  345.1  71.2 374.2]","[544 374  54 335 695 713 382 602 624 500 629 318 347 199 205 287 725  95
 148 169 334  57]"
[334.1 138.4 263.   44.9 401.8 305.2   0.  293.5 372.6 265.9],[185 488 177 715 477 418 520 552 735 339]
[487.  390.3 270.6   0.  292.7   1.5],[403  86 373 511 672 579]
[260.9 198.1 231.4 166.  181.1 161.6 125.4 385.6   0.  245.6],[194 181 332 648 473 124 322 589 740 392]
"[371.3 349.1 422.6 356.6 314.2 359.3 290.8 210.  189.9  97.7 215.9   6.3
  91.1 145.9 171.5   0.  266.2 477.5 312.6 340.7 377.6 291.7 247.5 351.7
 355.4 479.1]","[502  58  64 576 550 556 208 568 250 296   4 350 215  14 463 546 537 343
 406 641 435 467 101 285 426 344]"
"[381.7  99.6 107.7 159.4  98.9   0.  234.9 267.2 309.1 361.8 445.8 477.9
 477.9]",[170 432 218 234 225 587 683 486 316 249 359 697  78]
[357.3 309.7 155.6   0.   23.7 109.8 141.  112.1],[656 664 657 530 538 268 572 434]
"[432.7 404.5 463.2 390.2 134.6 293.  119.4 436.5 194.  147.9 224.4 302.
  99.3 274.3 150.  235.6 362.8   0.  250.8 205.3 123.  230.3 287.2 346.1
 257.5 444.5 309.7 259.3]","[522 515 239 680 677 591 346  13 333 693 349 172  77 439 300 563 105 278
 476 625 519 479 742 495  68 419 628 730]"
[214.9 190.3 466.9 122.9   0.  228.7 470.7 345. ],[709 499 143  69 266 256 275 654]
[479.4   0.  233.   71.5 226.6 241.9 282.5 492.3 429.4],[667 202 251 484  32 427 494 635 411]
[0.],[691]
[  0.  170.5 362.4 338.8],[391 191 524 590]
[494.2 462.1 469.3 471.3 447.1   0.  144.3 336.  459.4 464.4   0.  479.5],[344 490 491 362 221 482 319 431 396 156 442 277]
[336.1 298.4 458.1 206.1 141.  118.2  92.    0.   65.2],[656 664  47 657 530 538 268 572 434]
[135.6 341.4 235.1 307.1 460.9   0. ],[518 594 736 655  17 549]
[  0.  489.6],[676  52]
"[403.5 154.4 385.6 219.2 172.9 407.9 235.2 215.3 112.  240.9 105.9   0.
 207.3  55.  172.6 198.8 302.  188.5 306.4  73.8 180.  178.6 338.  239.7]","[430 522 702 515 239 677 346  13 333 693 349 172  77 439 300 563 278 476
 519 479 742 495 628 730]"
"[359.8 114.7 237.2 107.9 367.6 182.3 371.3 436.  118.1 291.9  89.1 274.6
 118.8 441.1 450.8   0.  101.7  70.8  70.8 184.5 179.5 356.7 356.7 271.7
 401.3 354.4 238.8 342.5 291.7 342.5 430.6 487.2 410.8 405.2]","[743 611 616  19 613  85 541 267  91 663 138 145 290 642 106 454 363 113
 582 496 187 489 607 231  33 174 634 480 394 583  97 211 198  44]"
[329.4   0. ],[449 360]
[  0.  160.3 219.  219.  465.1 133.8 419.7 379.9],[380 450 428  84 264 367 404 661]
"[100.4 201.2   0.  374.5 486.9 387.  386.2 440.3 479.4  69.8 293.  498.
  88.2 319.1 463.8  56.4 153.4 474.8 481.4]","[680 677 591 346 333 693  77 300 563 105 278 476 625 519   0  68 419 628
 730]"
"[188.   47.8 450.  420.9 228.    0.  211.6 225.3 250.8 295.6 280.1 417.9
 431.9]",[595 485  34 128 121 465 219  53 705 358 114 668 448]
"[482.4 425.  241.1 442.3 433.2 437.8 404.3 191.6 462.7   0.  375.3  73.7
 159.4  87.2 303.  495.6]",[ 23 493 353 617 123  87 678 175 317  71 387 417 647   1 137 100]
[290.1 257.8 281.   84.6   0.  112. ],[573 386 378 286  49 638]
[ 62.7 158.3  80.6 162.7   0.   27.5],[644 574 186 301 458 273]
"[ 82.4   0.  152.1 313.2 198.3 180.5 123.7 157.4 216.4 104.  241.5  59.7
 444.5 312.3 377.5 460.9 474.2 425.  496.5 400.4]","[ 23 493 304 706 353 337 617 729 284 123 375  87  42 678 420 438 264  71
 417   1]"
[0.],[122]
[0.],[561]
"[207.1 108.1 196.9 220.7 105.9  86.8  87.9  53.4  47.2   9.8 197.  164.9
   0.   41.4]",[326 206 737 223  31 306 263 229 424 310 311 698 623 227]
[  0.  211.3  85.8  31.4 323.4],[466 389 238 135 176]
[446.1 343.3 264.9 246.1 134.8   0.  381. ],[436  40 405 539 271  37 280]
"[269.3 431.3 386.7 260.6 289.7 293.5 483.8 474.5 428.5 415.8 384.9 342.5
   0.  386.7 403.5]",[430 324 522 702 515  13 349 439 563 476 742 495 351 628 730]
[175.5  74.2 320.5  56.4  76.8   0. ],[  8  80 228  59 619  48]
[131.6  54.8 439.7  88.8 151.    0.  141.7 364.4 103.3 432.9],[531 452 545 408 127 210  81 630 646  56]
[481.2 491.1   0.    0. ],[ 97  44 609 645]
[380.6 263.6 154.5 376.3   0.  134.8 357.2],[436  40 405 539 271  37 280]
"[223.4   0.  492.3  46.5 175.  381.2 249.8 237.4 466.8 306.  392.7 352.4
 405.3]",[694 193 731 577 529 513  25 559 281 717 686 724 292]
[462.3  75.3  77.2 201.5  53.9  69.9   0.    0.7],[320 173 437 242 497 345 142 309]
[  0.   11.9 160.1 388.2  62.6 114.8],[ 76 276 237  89  99 372]
"[ 79.4 131.6   0.  138.7 193.3 340.8 111.5 193.3 172.4 153.5 259.2 484.3
 217.5 416.8 371.1 484.6 291.2 422.6 270.4]","[502  58  64 576 621 348 550 291 556 208 568 296   4 350 215  14 463 546
 537]"
[476.7 450.8 468.6 469.6 292.7   0.  292.7 387.3 284.5 309.8 278.2],[195 370 125 364 511 672 579 357 501 618 666]
[489.6   0.   87.4  13.8  36.7],[676  52 243 352  75]
[404.1 418.6 101.6   0.  193.4 489.5 370.9 123.9 430.2 297.  214.9],[709 499 598 487 143  69 533 415 275 654 523]
[365.4 314.6 173.7   0.    8.3  71.3 122.6 115.2 238. ],[111 118 158 397 459 727 151 526  98]
[170.4   0.  405.7 118.8 201.4  54.8 186.1 331.5  65.2 398.9],[531 452 545 408 127 210  81 630 646  56]
[0.],[313]
"[443.9 250.7 422.8 175.6 363.2 278.3 479.4 117.  216.4 179.   94.5 101.
 198.8 153.6 144.  214.9   0.  235.6  18.9 403.2 160.3 178.1  57.7 121.3
 428.7 428.5 142.1  44.5]","[430 522 702 515 239 677 591 346  13 333 693 349 172  77 439 300 563 278
 476 625 519 479 742 495  68 351 628 730]"
"[ 87.7 275.6   0.  462.7 343.7 267.6  59.4 140.8 394.6 146.5 303.7 279.1
 279.1 494.2 200.2 160.5 220.6 441.6 134.8 121.6 428.  493.4 482.7 494.9]","[224 175 317  71 534 632 555 387 417 468 647 471  72   1 610 137 179 240
 100 171 246 106 189 653]"
[ 84.3   0.   99.4  52.1 240.6  82.6  87.  198.1 389.9],[194 181 332 648 473 124 322 740 392]
[483.6 479.4 433.3 457.1 264.5 183.1 101.4 485.  490.    0.  466.6 492.7],[343 641 435 285 269 508 371 491 362 204 214 396]
[ 50.9 328.    0.  413.7 488.  314.6 306.4 384.  194.3 213.   78.9],[111 589 118 392 158 397 459 727 151 526  98]
"[485.  484.3 492.8 497.9 448.4 431.2 439.7 439.7 388.2 492.8 431.3 430.2
 321.8 171.1 224.9 171.1 468.   34.6 346.5 215.4   0.  315.2 394.1]","[663 138 290 363 496 187 489 607 231 653  33 174 634 480 394 583  97 211
 402 670 608 525 198]"
"[242.2 211.2 161.1 192.2 451.2 228.1 197.4 238.8 297.2 164.  334.9 123.8
  96.9 348.8 122.9  81.5 275.7 283.2 179.5  96.5 243.  243.   18.9   0.
 177.4 177.4  95.6 343.9 330.7 496.8 456.2 110.1 261.  208.8 261.  404.8
 431.2 491.7]","[743 611 616  19 534 613  85 541 267  91 240 663 138 246 145 290 642 106
 454 363 113 582 496 187 489 607 231 189 653  33 174 634 480 394 583 211
 608 198]"
"[262.  306.  250.2 349.8 447.4 135.1 320.7 301.6 301.3 297.8 210.  367.3
   0.  470.9 119.2 229.8 278.6]",[694 193 731 577 529 513  25 588 559 603 281 600 717 724 292 203 704]
[72.1  0. ],[532 293]
"[249.4 255.7 406.8 429.  269.9 249.6 279.4 409.8   0.  113.7 248.9 190.9
 419.4  72.2  79.3 293.2 188.  146.1 202.1 414.4 260.1 421.5 316.4 223.1]","[164 205 262 407 287 725  95 216 416 148 169 168 165 340  90  57 104  45
  12 712 593 230 330 342]"
"[494.3 430.6 373.4 373.4  41.1  78.1 492.  434.2 432.1 434.2   0.  481.7
 392.8 468.   73.9  58.3 481.2 481.2]",[138 454 113 582  33 174 634 480 394 583  97 211 402 608 198  44 609 645]
[387.    0.  222.6 446. ],[703 516  94  16]
[494.3 464.4 423.1 242.5 475.9   0.  464.4  15.2],[221 482 319 431 396 156 442 277]
[69.6  0. ],[383 395]
"[399.   80.4 169.2 425.6 493.1  72.4  74.9 331.9  85.2 100.6 278.6 394.
 159.4  49.3   0. ]",[694 731 513 564 719 588 603 314 281 600 717 464 292 203 704]
[  0.  214.6 238.1 397. ],[162 580 505 509]
"[430.3 163.7 306.9 163.5 438.4 243.7 442.1 182.1 359.9 158.6 344.4 189.1
  70.8 172.2   0.    0.  250.4 243.  420.1 420.1 330.6 347.6 299.7 283.8
 362.1 316.1 362.1 373.4 499.8 362.2 342.9]","[743 611 616  19 613  85 541  91 663 138 145 290 454 363 113 582 496 187
 489 607 231  33 174 634 480 394 583  97 211 198  44]"
"[167.8 103.4 223.4 223.4 223.3 223.4 195.8  49.8 182.  432.7 459.2 384.7
  53.8  38.6 398.1 454.6  27.4  21.6   0.  246.2  23.4]","[746 336 612 671 226 710  26 492 160 374  54 335 451 328 695 713 161 707
 688 685 152]"
[247.1 154.7   0.  460.9],[736 655  17 549]
[383.2 114.2   0.  120. ],[ 88 652 738 660]
[240.7   0.   75.7  83.2 162.5 188.9],[633 247  63 295 566  24]
"[471.  389.9 358.3 382.2 170.6 366.2 313.8 303.6 302.7 413.7 245.6   0.
 491.4]",[194 181 332 648 473 111 124 322 589 118 740 392  98]
"[469.6 222.5 450.8 256.7 235.2 342.8 178.2 265.5  38.2 191.2  78.   73.8
 139.4  72.8  99.8 178.1 230.3 174.6 435.5 249.7   0.  181.9 204.9 484.
 319.7 222.5]","[430 522 702 515 239 677 346  13 333 693 349 172  77 439 300 563 278 476
 625 519 479 742 495  68 628 730]"
[  0.   52.3  64.6  54.9 348.2  55.7],[517 384 498 279 209 425]
[392.7 373.2 277.3 205.4 225.  355.9   0.   55.3 332.8],[193 577 529  25 559 554 686 724 659]
"[416.  303.5 326.1 450.5 318.8  30.4 267.3   0.  306.  234.7 144.7 145.4
 214.4 327.4 262.9 333.6 330.8 319.3 297.7]","[ 39 665 506 456 474 643  83 222  51  92 732  43 575 307 196 157 675  82
  74]"
[287.8   0.   22.3],[594 673 365]
"[432.7 339.6   0.  275.6 191.6 334.7 185.6 133.3 414.9  50.7 219.6 474.5
 122.3 495.1 332.5 337.3]",[353 224 175 317  71 555 387 417 468 647   1 610 137 179 100 171]
"[137.8 343.6 293.5 327.7 260.8 343.9 337.1 311.8 146.1 212.  308.5 140.3
 332.5  75.3  80.5 436.6 211.5   0.   68.2 485.7 299.5 114.  275.4 170.4
 446.5  77.3]","[164 205 262 407 287 725  95 216 416 148 169 168 165 340  90  57 104  45
  12 521 712 593 230 330 581 342]"
[116.3 248.5  56.1 298.1 106.8   0.  305.2  30.8  76.9 463.2],[185 488 177 715 477 418 520 552 735 339]
[0.],[62]
"[372.5 178.6 361.4 314.3   0.  407.7 282.  269.6 413.7 278.  172.9 374.6
 222.8 318.5 363.2 463.2 349.7 479.1 235.2 330.4 301.9 494.4 399.7]","[430 522 702 515 239 346  13 333 693 349 172  77 439 300 563 278 476 519
 479 742 495 628 730]"
"[ 21.4 143.9   0.   57.7 144.5 115.5 111.1 143.5 154.9 206.6 237.3 361.8
 196.9 155.8]",[326 206 737 223  31 306 263 229 424 310 311 698 623 227]
"[124.   64.3 111.1 144.6  63.2   9.3   0.   36.   54.6  97.3 206.1 251.9
  87.9  48.8]",[326 206 737 223  31 306 263 229 424 310 311 698 623 227]
"[493.2 469.  434.9  66.4 432.5 280.2 463.4 287.  190.  396.7   0.  372.5
 216.7 422.3 353.7 315.8 196.7 268.3 273.2 264.6 452.9 269.2]","[637 304 706 233 337 639 729 245 733 284 140 375  42 564 719 420 438 112
 232 144 464 601]"
[279.8  34.7   0.  295.5],[578 650 460 401]
[396.2 175.  133.8   0.  238.2 239.7 447.4 277.3 257.3],[694 193 577 529  25 559 717 686 724]
[ 65.6 201.4 106.    0.  151.   39.1 253.9],[531 452 408 127 210  81 646]
"[443.9 424.7 445.2 447.2 386.3 248.8 436.6 329.4 268.2  15.    0.   50.5
 117.6]",[262 407 216 165 696 521 712 581 447 146 261 528 183]
[317.2 335.6 156.4 295.6  88.5  70.4  45.    0.   83.8 152.2 162.8],[595 485 121 465 219  53 705 358 114 668 448]
[303.3  22.3   0. ],[594 673 365]
"[448.5 198.5 265.1 254.6 321.5 264.6 473.6 170.8  94.1 453.2 263.5  43.2
 493.   14.3   0.  191.7 272.1]",[637 233 639 245 733 140  42 564 719 438 314 112 600 232 144 464 601]
[  0.   15.2 333.2 327.3 153.2],[255  20 580 505 509]
[63.6  0. ],[93 21]
"[124.8 436.  234.7 280.5 308.7 439.1 415.3 270.3 260.1 316.4 389.9 192.4
 301.3 189.1 191.  284.2 114.   79.4 403.  237.7   0.  161.8  57.3 346.3
  38.9 460.1]","[164 205 262 407 287 725  95 216 416 148 169 168 165 340  90 104  45  12
 521 712 593 230 330 581 342 447]"
[ 85.4   0.   36.3 203.2 257.8 361.4],[573 386 378 286  49 638]
[175.1   0. ],[154  35]
[  0.  329.4],[449 360]
[209.1  36.1   0.  195.6 188.5 152.9 117.7 163.  326.2 250.1 323.5 313.7],[201 180 235 129 423 110 649 258 461 605 606  22]
[0.],[325]
"[333.4 311.4 374.6 485.2 203.6 386.2  62.6 340.2 107.6  92.  125.2 207.3
   0.  175.6  91.6 153.6 455.9  99.3 165.2 300.2 122.7 139.4 197.8 252.6
 345.5 261.8 187.6]","[522 515 239 680 677 591 346  13 333 693 349 172  77 439 300 563 105 278
 476 625 519 479 742 495  68 628 730]"
"[261.6 116.  144.3  97.4 266.4 126.1 270.8 335.2  74.2 400.6 193.3  18.9
 415.7 173.4  18.1 340.3 350.4 101.7   0.  172.2 172.2  93.9  96.5 265.4
 265.4 191.8 430.7 418.  479.9 435.  190.6 327.4 273.5 327.4 475.1 497.9
 483.  493.8]","[743 611 616  19 613  85 541 267  91 240 663 138 246 145 290 642 106 454
 363 113 582 496 187 489 607 231 189 653  33 174 634 480 394 583 211 608
 198  44]"
[434.  387.9  82.2  85.9   0. ],[533 275 674 682 236]
[267.  223.6 407.4 114.3 109.8  89.3   0.   92.   26.7],[656 664  47 657 530 538 268 572 434]
[  0.  251.4 251.9],[109 141 721]
[257.1   0. ],[708 615]
"[488.6 456.4  57.8 158.3 453.2 253.7 267.9 156.7 418.6 247.5 406.8 408.9
 163.  208.7 208.4 169.9   0.  159.6 190.4 421.9 248.5 348.4 398.7 372.9
 457.3 483.8]","[208 568 250 296   4 350 215  14 463 546 537 343 406 641 435 467 101 285
 426 269 344 490 491 362 221 396]"
[0.],[302]
"[384.3 441.6 201.3 476.9 303.4 460.7 137.8 184.3 383.4 305.6 183.4 183.4
 158.5 250.4 230.4 404.  168.5 127.2 426.6   0.  211.9 422.2 412.4 406.8
  16.1 227.4 382.9  60.3  51.8 400.6 323.3 334.9 184.6 184.6 277.6 139.8
 140.2 367.5 480.2 451.4 480.2 394.2]","[224 317 743 611 616  19 534 632 555 468 471  72 613 610 179  85 541 267
  91 240 663 100 138 171 246 145 290 642 106 363 496 187 489 607 231 189
 653 634 480 394 583  28]"
"[402.6 418.1 391.  459.8 430.  369.3 289.9 125.6 175.3  71.2 122.1  54.8
 313.6   6.  257.3 391.8 261.7 265.4 400.1 290.9 490.    0.  375.7]","[544 374  54 335 695 713 382 602 624 500 629 318 347 199 205 287 725  95
 148 169 168 334  57]"
[254.5 190.8 318.1 275.3 203.6 390.1 309.8 464.6  52.5   0.  104.6],[195 370 433 125 364 130 672 357 501 618 666]
"[342.2 499.2  77.9  69.3 289.6   0.  312.5 190.1  21.5 357.7 262.1 183.5
 491.1]",[159 230  73 503 540 441  60 184 604 217 212 355 377]
[0.],[478]
[0.],[687]
"[366.  344.3 416.8 351.9 308.6 352.9 285.7 203.7 196.  103.1 209.6   0.
  89.4 149.9 165.3   6.3 263.2 479.4 318.6 344.7 382.1 297.6 253.7 356.7
 361.5 485.4]","[502  58  64 576 550 556 208 568 250 296   4 350 215  14 463 546 537 343
 406 641 435 467 101 285 426 344]"
[347.    0.  100.4 247.1 235.1],[518 736 655  17 549]
[382.1 417.7 463.2 463.2 392.8 380.3   0.  459.9 346.5 344.4 450.9],[ 33 174 480 583  97 211 402 670 608 198  44]
[115.5  85.5   0.   32.7  70.5],[178 341 327  29 272]
"[195.9 408.9  93.2  48.4 211.2 422.3 346.   39.2 419.4 382.9 341.  228.7
   0.  364.3 346.4 332.5 270.1 236.   98.8 301.3 310.2 288.2 284.5 297.1
 385.6 438.2 447.2 427.2 363.9]","[164 205 262 407 287 725  95 216 416 148 169 168 165 340  90  45  12 521
 712 593 230 330 581 342 447 146 261 528 183]"
[14.5  0. ],[557 188]
[338.8 171.8  26.2   0.  248.1],[391 191 524 590 726]
[0.],[571]
[415.2   0.   40.  450. ],[485  34 128 465]
"[272.1 324.5 193.3 332.    0.  285.7   0.  207.9 335.8 356.7 343.5 396.2
 459.1]",[502  58  64 576 621 550 291 556 208 568   4 463 537]
[ 47.5   0.   24.6 189.9],[614 312 720 692]
"[  0.  302.5 125.8 289.7 255.4 332.5 480.9 319.9 319.9  51.5 398.9 378.6
 218.9  34.6  86.7 258.7 201.3 151.6 278.6 216.9 125.7 247.5 156.4 170.8
 359.8 261.6 430.3 430.3 223.9 242.2 215.3 215.3 249.1 307.1 300.1 329.3
 477.7 432.1 477.7]","[743 611 616  19 534 632 468 471  72 613 610 179  85 541 267  91 240 663
 138 246 145 290 642 106 454 363 113 582 496 187 489 607 231 189 653 634
 480 394 583]"
"[386.3 199.8 365.2 118.9 330.4 335.9 171.2 158.7 194.5 151.3 106.7 180.
 197.8 126.9 242.5  57.7 287.2  39.1 460.5 218.  181.9   0.   63.6 486.4
 384.9 164.   73.8]","[430 522 702 515 239 677 346  13 333 693 349 172  77 439 300 563 278 476
 625 519 479 742 495  68 351 628 730]"
[379.9 226.  450.6 450.6 248.4 243.9 331.9   0.  379. ],[380 450 428  84 367 404 512 661 294]
[103.8  89.9 263.8  20.4   0.   76.8],[  8  80 228  59 619  48]
[278.7   0.  438.5],[401 155 130]
"[471.9  86.7 387.2 209.1 373.5 170.  246.2 453.9 394.2 234.3 234.3  69.8
 313.1 292.7 305.   65.    0.  341.4 127.2 182.8 350.8 141.2 174.3 319.5
 101.9 114.3 436.  335.2 280.7 297.2 212.6 212.6 276.8 253.7 249.8 365.7
 464.1]","[224 743 611 616  19 534 632 555 468 471  72 613 610 179  85 541 267  91
 240 663 138 246 145 290 642 106 454 363 496 187 489 607 231 189 653 634
 394]"
"[428.8 335.8 465.1 418.3 366.6 372.9 381.8 301.3 138.   32.9 442.4  26.8
   0.  490.   84.4 471.3 330.9 336.6 112.  471.3]","[250 406 641 435 467 101 285 426 344 490 371 491 362 204 221 482 319 431
 396 442]"
[231.1 179.7 294.7 244.4 196.  382.6 284.5 412.1   0.   52.5  52.7],[195 370 433 125 364 130 672 357 501 618 666]
"[216.9 114.2 206.6 230.4 112.   95.8  97.3  63.1  56.6   0.  201.1 155.2
   9.8  51.1]",[326 206 737 223  31 306 263 229 424 310 311 698 623 227]
[488.7 489.2 254.2   0.  275.3],[206  31 462 200 248]
[313.1 158.  174.4   0.  200.9 202.5 201.5 202. ],[320 173 437 242 497 345 142 309]
[376.  404.2 271.6 370.9 220.7 458.7   0.  494.7 136.1 267.2 378.2 434. ],[709 499 598 487 143  69 533 415 275 654 674 236]
"[123.9 259.2 322.1 357.3 346.8 432.7 392.9 441.8 467.3   0.   22.7  26.6
 416.1 149.9 148.7 189.6 317.2]",[270 119 599 254 535 626 116 553 470 315  61 338 182  70 684  18 163]
"[ 74.3 356.9 225.8 261.7 235.1 360.4 336.3 246.7 202.1 241.6 310.6 115.1
 270.1 130.4 125.3 482.4 277.1  68.2   0.  417.8 231.6  79.4 226.7 124.8
 382.3  45.  500. ]","[164 205 262 407 287 725  95 216 416 148 169 168 165 340  90  57 104  45
  12 521 712 593 230 330 581 342 447]"
"[171.9  76.  230.7 230.7 230.7 230.7 203.   26.8 190.7 444.3 471.2 396.5
  29.4  13.  413.1 471.8   0.    6.9  27.4 260.    4.8]","[746 336 612 671 226 710  26 492 160 374  54 335 451 328 695 713 161 707
 688 685 152]"
[0.],[241]
[ 82.1  19.9 132.7 124.8   0.  187.4 469.6 457.9 196.  203.6 191.4],[195 370 433 125 364 130 672 357 501 618 666]
"[225.5   0.  415.2 384.  250.4  47.8 249.2 266.  291.2 335.6 311.7 449.8
 464. ]",[595 485  34 128 121 465 219  53 705 358 114 668 448]
"[458.8 326.9 341.6 360.5 385.6 500.  165.2 317.5 460.1 315.  405.  118.5
 389.1 385.2 487.3 282.5 393.  478.  489.    0.  274.1 343.6 268.2 298.5
 162.4]","[164 262 407 216 165  12 521 712 593 230 330 581 540  60 184 217 212 355
 342 447 146 377 261 528 183]"
[67.3  0.  57.6],[455 514  96]
[432.9   0.  343.6 408.  452.2 342.2 459.8 356.4 321.1 447.8 368.4],[102 159  73 503 540 441  60 184 604 212 355]
"[239.9 241.5 113.8 229.8 438.  405.6  66.2 210.6 109.1 378.4  26.4 215.2
 372.5   0.  210.2 231.7 381.6 206.7 243.2 499.3]","[ 23 493 304 706 233 353 337 617 729 733 284 123 140 375  87  42 678 420
 438 264]"
"[496.5 308.  499.1 446.7 445.6 133.3 394.6  73.7 454.  318.7   0.   91.8
 144.2 234.2 422.2 432. ]",[493 353 123 678 224 175 317  71 555 387 417 647   1 137 100 171]
"[154.1  79.9 143.5 169.7  78.1  37.6  36.    0.   21.9  63.1 189.9 218.4
  53.4  12.9]",[326 206 737 223  31 306 263 229 424 310 311 698 623 227]
"[485.5 379.2 439.9 336.1 381.2 477.9 252.7 232.9 172.3 125.3  66.6   0.
 304.7   0. ]",[170 432 218 234 225 587 683 486 316 249 359 697 504  78]
"[429.8 452.4 381.5 252.  270.5 234.7 278.1   0.  196.2 129.  231.6 156.2
  92.7 286.7 199.9 279.5 279. ]",[665 506 474 643  83 222  51  92 732  43 575 307 196 157 675  82  74]
"[401.5 335.1 479.1 419.1 117.9 319.1  71.7 376.7 224.7  70.6 204.1 306.4
 122.7 261.3 213.5 160.3 385.4 123.  179.  244.8   0.  249.7 218.  281.7
 268.5 470.4 192.1 165.5]","[522 515 239 680 677 591 346  13 333 693 349 172  77 439 300 563 105 278
 476 625 519 479 742 495  68 419 628 730]"
[  0.   70.8 137.7],[ 66  55 622]
[248.3 233.    0.  303.9 459.1 474.3],[667 202 251 484  32 427]
"[338.7 289.9 407.7 474.9 177.8 374.5   0.  326.2 154.7  31.7 135.  235.2
  62.6 191.9 152.9 117.  442.9 119.4 133.3 293.5  71.7 178.2 171.2 232.7
 327.8 203.  140.5]","[522 515 239 680 677 591 346  13 333 693 349 172  77 439 300 563 105 278
 476 625 519 479 742 495  68 628 730]"
[0.],[443]
"[129.6  55.1 115.5 151.6  53.9   0.    9.3  37.6  58.2  95.8 214.3 249.4
  86.8  50. ]",[326 206 737 223  31 306 263 229 424 310 311 698 623 227]
[471.1 131.5   0.   85.9],[275 674 682 236]
[483.6 484.6 151.7  91.8 379.    0. ],[450 367 404 512 661 294]
[  0.   96.7 216.3 487.  487. ],[403  86 373 511 579]
"[ 60.8  13.  138.7   0.  332.  253.8  92.  332.  255.5  72.1 262.5 489.
 395.  497.  204.1 351.9 283.7 381.5 278.9 356.6 141.4 465.8 482.1]","[502  58  64 576 621 348 550 291 556 208 568 250 296 596   4 350 215  14
 463 546 537 343 641]"
[70.7  0. ],[483 662]
[ 88.3 119.    0.  176.7 304. ],[381 679  15 558 734]
[0.],[409]
"[215.9 259.5  17.9   0.  166.3 287.  481.9 291.3 273.2 464.3 365.4 215.5
 247.5 254.6 341.2 472. ]",[637 233 639 245 733 140  42 564 719 438 314 112 232 144 464 601]
[ 54.9   4.7  71.7   0.  309.1  48.7],[517 384 498 279 209 425]
[128.1  79.3   0. ],[400 421   6]
[487.3 362.3  91.9   0.  182.2 286. ],[504  65   2 741   5 640]
[211.3   0.  296.1 180.5 452.9 499.5],[466 389 238 135 201 110]
"[421.5 349.2 441.3 440.8 433.5 467.3 188.  301.3 436.8 335.1 196.  218.2
 412.5   0.  211.5 277.1 284.2 427.9 336.  264.7]","[320 164 205 287 725  95 416 148 169 168 340  90  57 104  45  12 593 230
 330 342]"
"[354.  187.5 128.5 104.8  95.1   9.6  50.1   0.  137.8  63.3 441.8 446.
 453.5 477.7 482.4]",[270 119 599 254 535 626 116 553 190 470 315  61 338  70 684]
"[185.1 107.  116.1 474.5   0.  346.1 117.6 318.8 381.5 442.2 402.3 320.8
 317.1 269.8 128.9]",[ 39 665 506 456 474 643  83 222  92 732  43 307 196 675  74]
[  0.  347.7 351.7],[658 744 527]
"[170.3 268.6 328.4 352.8 222.9 267.4 271.2 334.1  79.3 132.3 241.3 121.7
 346.4  22.3   0.  359.2 218.2  80.5 125.3 335.9 191.  349.5 245.  152.4]","[164 205 262 407 287 725  95 216 416 148 169 168 165 340  90  57 104  45
  12 712 593 230 330 342]"
"[163.  101.5 154.9 174.3  99.6  58.2  54.6  21.9   0.   56.6 170.8 209.3
  47.2  15.5]",[326 206 737 223  31 306 263 229 424 310 311 698 623 227]
[231.6  65.2 341.1 182.2 253.9 103.3 244.3 266.6   0.  334.3],[531 452 545 408 127 210  81 630 646  56]
"[414.5 212.6 287.4 183.3 210.9 309.1 109.1 113.4   0.   85.9 137.4 172.3
 474.7 172.3]",[170 432 218 234 225 587 683 486 316 249 359 697 504  78]
"[274.5  98.6   0.  104.9 124.5 107.7 187.4 209.5 287.4 315.8 422.1 439.9
 439.9]",[170 432 218 234 225 587 683 486 316 249 359 697  78]
"[189.4 157.4   5.6 185.6 298.7  45.8 101.6   0.  486.5  83.7 106.9 463.4
 109.1 111.  287.1 285.8 223.6 303.7 421. ]","[ 23 493 304 706 353 337 617 729 733 284 123 140 375  87  42 678 420 438
 264]"
[248.2   0. ],[475 584]
"[433.5 410.5 308.4 338.5 301.9 375.6 311.7 421.7 263.2 348.1   0.  451.8
 444.  198.1  17.   72.6 423.4 255.7 143.2  68.  255.1 408.9 285.  268.6
 257.3 240.9 441.3 343.6 356.9 461.3 436.  478.7 398.6]","[713 382 602 624 500 629 318 347 199 164 205 262 407 287 725  95 216 416
 148 169 168 165 340  90 334  57 104  45  12 712 593 330 342]"
[ 72.4 107.9  27.8 494.9   0.  403.4 156.1],[536 297 361 153 620 700 562]
[490.4 323.4 261.9 235.  233.  146.9 187.5 137.8   0.  127.4],[270 119 599 254 535 626 116 553 190 470]
[141.6   0.   93.7],[440 585 366]
"[223.9 205.3 142.8 186.2 436.8 496.1 496.1 211.3 184.4 221.4 280.7 156.1
 323.3 111.4  98.  337.5 106.5  77.1 263.5 271.7 184.5  93.9 250.4 250.4
   0.   18.9 173.  173.   99.7 339.2 326.3 472.3 126.7 278.6 226.7 278.6
 421.4 448.4]","[743 611 616  19 534 471  72 613  85 541 267  91 240 663 138 246 145 290
 642 106 454 363 113 582 496 187 489 607 231 189 653 174 634 480 394 583
 211 608]"
[  0.   84.3 168.6  95.1 324.9 166.8 167.6 260.9 471. ],[194 181 332 648 473 124 322 740 392]
[ 64.6  73.7   0.   71.7 295.3  23.6],[517 384 498 279 209 425]
[175.3 492.4 438.2   0.  261.  281.9],[207 669 329 132 126 259]
"[473.6 497.1   0.  498.5 256.6 259.5 204.5 462.5  66.4 438.  278.3 358.9
 288.6 377.5 257.9 453.9 204.5 207.5 198.5 387.8 239.3]","[637 706 233 337 639 245 733 284 140 375  42 564 719 420 438 314 112 232
 144 464 601]"
[453.2   0.   17.8 158.   45.   44.5  75.3  76. ],[320 173 437 242 497 345 142 309]
[  0.   44.  115.5  94.8 183.1],[178 341 327  29 272]
[ 0.  99.4],[722 570]
"[392.5 312.3 283.7 210.5 232.7 329.7 207.5 285.8 361.2 220.5 381.6 265.
 429.3   0.  330.  449.6 164.9 404.3 446.7 444.5]","[ 23 493 304 706 353 337 617 729 284 123 375  87  42 678 420 438 264  71
 417   1]"
"[162.5   0.  143.9 191.4   2.2  55.1  64.3 488.7  79.9 101.5 114.2 267.6
 251.6 108.1  87.8]",[326 206 737 223  31 306 263 200 229 424 310 311 698 623 227]
[  0.  463.3],[481 728]
[77.9 57.6  0. ],[455 514  96]
[293.3 283.6 255.6 286.  247.7   0. ],[504  65   2 741   5 640]
"[474.9 494.9 432.7 372.  324.9 327.  330.9 302.9 144.3   0.  231.9 315.3
 423.1 144.3 437. ]",[406 467 426 344 490 491 362 221 482 319 431 396 156 442 277]
[ 54.4 352.6 153.4  85.  444.5 239.3 470.4 312.2 201.9   0. ],[680 677 591 105 278 625 519   0  68 419]
[388.2 376.4   0.  396.7 488. ],[ 76 276  89  99 372]
"[330.9 270.  413.7 487.3 186.8 387.   31.7 309.2 172.8   0.  136.2 240.9
  92.  193.1 179.4  94.5 454.3 147.9 112.4 309.2  70.6 191.2 151.3 214.5
 337.8 171.4 111.7]","[522 515 239 680 677 591 346  13 333 693 349 172  77 439 300 563 105 278
 476 625 519 479 742 495  68 628 730]"
"[187.4 495.1 220.6 378.6 123.5  47.6 161.2 334.8 118.6  59.1  59.1 356.
  20.6 380.9   0.  356.5 292.7 230.4 438.7 248.1 227.9 218.9 447.6 287.3
 281.5 413.4 413.4 307.7 317.2 463.6]","[224 175 317 743 534 632 555 387 468 471  72 613 610 137 179 541 267 240
 663 100 171 246 145 642 106 489 607 189 653  28]"
[428.2 477.2 266.4 363.5 463.8 397.    0.  312.2],[656 664  47 680 591 105   0 419]
[273.2 156.2  42.2  58.    0. ],[551 369  67  38  46]
"[ 50.5 337.3 121.6 343.9 265.3 122.3 252.2 432.  110.8 349.4 283.5 283.5
 212.4 215.7 227.9 406.8  21.    0.  391.3 466.9 456.5 413.2 426.5 429.2]","[224 175 317 534 632 555 387 417 468 647 471  72 610 137 179 240 100 171
 246 642 106 189 653  28]"
[  0.  225.5 489.2 341.6 188.  270.3 260.5 279.9 317.2 350.6 468.1 479.5],[595 485 128 121 465 219  53 705 358 114 668 448]
[0.],[356]
[414.    7.7   0.  230. ],[696 701 107  50]
[294.4 440.3   0. ],[120 578 133]
[ 0.  72.1],[532 293]
"[ 36.7 191.4  57.7   0.  191.6 151.6 144.6 169.7 174.3 230.4 208.6 383.1
 220.7 180.1]",[326 206 737 223  31 306 263 229 424 310 311 698 623 227]
[ 72.1  24.6   0.  166.6 496.9],[614 312 720 692 213]
[  0.  432.9],[102 159]
[0.  4.6],[108 597]
[496.9 340.1   0. ],[720 692 213]
[476.   86.4 280.    0. ],[711 445 457 592]
"[190.1 444.   51.9   0.  246.1 456.5 384.2  21.  429.  404.7 376.6 241.8
  48.4 368.7 352.8 327.7 261.7 199.   54.9 280.5 269.2 259.3 237.4 282.2
 341.6 417.  424.7 409.6 333.3]","[164 205 262 407 287 725  95 216 416 148 169 168 165 340  90  45  12 521
 712 593 230 330 581 342 447 146 261 528 183]"
"[369.5 428.  216.9 492.8 319.5 476.5 133.  173.6 370.1 290.8 174.1 174.1
 174.6 238.6 218.9 420.  184.4 141.2 442.4  16.1 226.2 406.6 427.3 391.3
   0.  242.7 398.   75.5  65.8 415.7 337.5 348.8 194.7 194.7 289.1 134.3
 136.3 378.4 487.9 460.3 487.9 383.8]","[224 317 743 611 616  19 534 632 555 468 471  72 613 610 179  85 541 267
  91 240 663 100 138 171 246 145 290 642 106 363 496 187 489 607 231 189
 653 634 480 394 583  28]"
[0.],[453]
[327.1 295.5   0.  278.7],[650 460 401 155]
[ 45.  117.4  66.3   0.  124.8 197.9 468.6 359.  244.4 275.3 211.8],[195 370 433 125 364 130 672 357 501 618 666]
"[316.5 136.1 187.4  83.4 148.7 234.9   0.   36.9 109.1 129.8 236.8 252.7
 252.7]",[170 432 218 234 225 587 683 486 316 249 359 697  78]
"[261.   96.8  51.6  51.9   0.   86.2  46.4  95.1 233.  132.9 346.8 350.9
 358.4 387.  391.5 489.8]",[270 119 599 254 535 626 116 553 190 470 315  61 338  70 684  18]
[487.  390.3 270.6   1.5 292.7   0. ],[403  86 373 511 672 579]
[321.1  75.   88.5 287.   21.5 309.2 183.2   0.  360.4 261.  178.4 487.1],[159  73 503 540 441  60 184 604 217 212 355 377]
"[  0.  339.6  87.7 307.9 228.7  73.2 227.5 445.6  78.9 358.7 245.2 245.2
 170.1 217.7 187.4 471.9 384.3  70.8  50.5 369.5 444.6 435.3 407.4 420.2
 454. ]","[224 175 317 534 632 555 387 417 468 647 471  72 610 137 179 267 240 100
 171 246 642 106 189 653  28]"
"[ 36.6 236.8  27.8  27.8  27.7  27.8   0.  192.1  17.4 244.8 272.2 198.
 228.1 213.8 225.1 291.9 365.6 203.  197.9 481.4 195.8  79.7 203.9 340.9]","[746 336 612 671 226 710  26 492 160 374  54 335 451 328 695 713 382 161
 707 624 688 685 152 347]"
[471.   17.8   0.  174.4  34.6  29.   77.2  77.9],[320 173 437 242 497 345 142 309]
[315.6 214.9 396.8  91.5 474.7   0. ],[598 487 143 415 654 523]
[0.],[331]
[0.],[3]
[274.5 122.2   0.  237.8 127.3],[627 103 134 288 260]
"[301.1 401.7 485.4 405.1 479.1 198.7 383.6 347.1 229.8 248.5 300.4 167.
 487.3   0.  107.6 476.4 164.7 138.  219.2 494.2 372.  447.3 248.7 494.2]","[250 296 350  14 546 406 641 435 467 101 285 426 269 344 490 371 491 362
 221 482 319 431 396 442]"
[ 48.4 182.6   0.  241.5  80.6  54.2],[644 574 186 301 458 273]
"[487.8 178.9 247.9 297.6 355.4 283.3 448.1 291.7  31.1 378.5 373.6   0.
 169.9 322.1  69.3 229.8 334.8 393.  366.6 443.9 494.9 474.6]","[568 250 296 350 215  14 463 546 406 641 435 467 101 285 426 344 490 491
 362 221 319 396]"
[244.6  83.2   7.7   0.   88.7 110. ],[633 247  63 295 566  24]
"[333.2 456.3 456.3 456.2 456.3 481.4 488.6 242.8 215.7 285.3 259.5 206.2
 115.9  49.7   0.  112.1 158.5 413.1 166.2 140.9 175.5 338.5 333.8 378.9
 462.5 395.4 175.3 331.2]","[544 612 671 226 710  26 160 374  54 335 695 713 382 602 624 500 629 685
 318 347 199 205 725  95 148 169 334  57]"
[ 54.3 118.8   0.  106.   88.8  76.5 448.4 182.2],[531 452 408 127 210  81 630 646]
"[125.8 178.2   0.  164.4 379.1 454.7 443.3 443.3 148.  100.6 145.1 209.1
 132.9 303.4 145.8 162.8 319.5 106.5 133.6 247.1 260.2 237.2 144.3 306.9
 306.9 142.8 161.1 234.4 234.4 214.8 375.7 365.4 268.3 421.  369.5 421. ]","[743 611 616  19 534 632 471  72 613  85 541 267  91 240 663 138 246 145
 290 642 106 454 363 113 582 496 187 489 607 231 189 653 634 480 394 583]"
"[6.220e+01 2.632e+02 0.000e+00 0.000e+00 3.000e-01 0.000e+00 2.780e+01
 2.196e+02 4.230e+01 2.181e+02 2.457e+02 1.719e+02 2.557e+02 2.415e+02
 2.020e+02 2.702e+02 3.405e+02 2.307e+02 2.256e+02 4.563e+02 2.234e+02
 6.670e+01 2.317e+02 3.162e+02]","[746 336 612 671 226 710  26 492 160 374  54 335 451 328 695 713 382 161
 707 624 688 685 152 347]"
"[374.8  29.9 124.5  93.9   0.   98.9 148.7 184.4 210.9 269.  347.2 381.2
 381.2]",[170 432 218 234 225 587 683 486 316 249 359 697  78]
[ 34.8   0.  119.  262.  422.6],[381 679  15 558 734]
"[143.2 478.7 209.4 259.3 334.3 483.2 451.7 253.  316.4 366.3 428.2 227.
 288.2 244.8 245.  336.  170.4 124.8 358.  210.3  57.3 105.1   0.  493.3
 293.1 475.7  93.4 405.  491.2]","[164 205 262 407 287 725  95 216 416 148 169 168 165 340  90 104  45  12
 521 712 593 230 330 503 581 217 342 447 183]"
"[182.1 260.8 318.6 371.2 290.6 472.8 312.6   0.  369.3 360.1  31.1 163.
 307.8  42.9 198.7 304.  362.2 335.8 413.5 474.9 444.1]","[250 296 350 215  14 463 546 406 641 435 467 101 285 426 344 490 491 362
 221 319 396]"
[168.6  99.4   0.  144.1 190.6  70.  108.6 231.4 358.3],[194 181 332 648 473 124 322 740 392]
"[408.  430.3  90.2 493.3   0.  272.3  69.3 296.9 192.4  88.5 321.9 241.2
 180.6 474.1]",[159 230  73 330 503 540 441  60 184 604 217 212 355 377]
"[  0.   52.5  79.4  60.8 272.1 294.6  63.6 272.1 204.8  83.9 241.6 422.5
 188.2 366.  309.  416.7 265.6 371.3 192. ]","[502  58  64 576 621 348 550 291 556 208 568 296   4 350 215  14 463 546
 537]"
"[166.4 461.3   9.4  54.9 267.  472.4 406.8  60.1 414.4 404.9 395.4 236.1
  98.8 349.3 335.9 299.5 231.6 195.3   0.  237.7 214.4 210.3 205.1 245.
 317.5 430.5 436.6 427.5 335.5]","[164 205 262 407 287 725  95 216 416 148 169 168 165 340  90  45  12 521
 712 593 230 330 581 342 447 146 261 528 183]"
[166.9 325.1 109.8 369.8  30.3  76.9 372.6 104.1   0. ],[185 488 177 715 477 418 520 552 735]
"[403.4 304.  452.9 408.3 334.8 348.4 368.8 269.  107.6   0.  457.4  58.3
  32.9 111.6 462.1 324.9 352.9 141.1 462.1]","[250 406 641 435 467 101 285 426 344 490 371 491 362 221 482 319 431 396
 442]"
"[280.3 481.3 384.6 218.1 218.1 218.1 218.1 244.8 436.1 254.5   0.   27.7
  48.1 471.  455.9  68.9 110.3 129.4 444.3 438.6 292.5 242.8 353.5 377.8
 432.7 187.9 444.6 405.2 109.7 418.4 418.1 402.1]","[746 336 544 612 671 226 710  26 492 160 374  54 335 451 328 695 713 382
 161 707 602 624 500 629 688 685 152 318 347 199 334  57]"
[0.],[636]
"[405.6 204.5 227.2 215.5 298.2 268.3 482.7 154.4  87.6 462.4 249.4   0.
 482.9  32.7  43.2 185.7 310.5]",[637 233 639 245 733 140  42 564 719 438 314 112 600 232 144 464 601]
"[233.3 282.7 382.1 344.2 232.9 377.6 396.5 228.6 360.1  55.5   0.  373.6
 208.4  52.7 375.7 218.6 347.1 306.  408.3 332.1 437.3 418.3 433.3 493.1]","[250 296 350 215  14 546 537 343 406 641 435 467 101 285 426 269 344 508
 490 371 491 362 204 221]"
[  0.   49.3 163.  214.7 357.3 344.7 267.  336.1 285.8 428.2],[656 664  47 657 530 538 268 572 434   0]
[ 15.2   0.  327.8 316.9 142.5],[255  20 580 505 509]
[  0.  272.8 362.3 184.3 283.6],[ 65   2 741   5 640]
[0.],[298]
[428.9 231.4 215.3 261.    0.   62.8],[207 669 329 132 126 259]
[455.9 226.5 164.4 281.9  62.8   0. ],[207 669 329 132 126 259]
[221.2 162.5  93.8  88.7   0.   31.6],[633 247  63 295 566  24]
"[345.    0.   98.6  69.2  29.9  99.6 136.1 169.8 212.6 262.2 349.9 379.2
 379.2]",[170 432 218 234 225 587 683 486 316 249 359 697  78]
[399.6 407.3 310.7 463.2 265.9 468.5   0. ],[488 177 715 418 520 552 339]
"[185.1 131.   88.2 293.5 399.3 309.2 421.4 300.2 475.  352.2 403.2 157.7
 205.3 421.5   0.  244.8 435.5 460.5  69.5 239.3 416.7 410. ]","[680 677 591 346 333 693 349  77 439 300 563 105 278 476 625 519 479 742
  68 419 628 730]"
"[217.7 122.3 160.5 303.  427.6 219.8 126.3 234.2 294.  143.7 439.6 439.6
 341.1 360.6   0.  380.9 212.4 215.7]",[224 175 317  71 632 555 387 417 468 647 471  72   1 610 137 179 100 171]
"[425.4 232.6 404.3 157.6 349.7 296.9 498.  133.3 197.7 179.6 112.4  96.6
 188.5 165.2 133.5 220.2  18.9 250.8   0.  421.5 179.  174.6  39.1 102.7
 447.5 415.8 149.7  51.2]","[430 522 702 515 239 677 591 346  13 333 693 349 172  77 439 300 563 278
 476 625 519 479 742 495  68 351 628 730]"
[251.3 223.9 270.6 168.3   0.   24.4],[413 422 265 543   7 399]
"[107.1 398.6 240.7 282.2 279.8 401.4 380.5 269.6 223.1 277.6 354.3 160.1
 297.1 151.5 152.4 264.7  77.3  45.  421.3 245.   38.9 198.4  93.4 373.3
   0.  489. ]","[164 205 262 407 287 725  95 216 416 148 169 168 165 340  90 104  45  12
 521 712 593 230 330 581 342 447]"
"[  0.  201.   62.2  62.2  62.2  62.2  36.6 158.7  35.4 280.3 307.9 234.
 195.5 181.9 261.7 328.3 402.  171.9 167.3 167.8 114.3 173.3 377.4]","[746 336 612 671 226 710  26 492 160 374  54 335 451 328 695 713 382 161
 707 688 685 152 347]"
[462.4  76.   77.9 202.   54.5  70.5   0.7   0. ],[320 173 437 242 497 345 142 309]
[  0.  240.6 347.  431.6 135.6],[518 594 736 655 549]
[  0.  230.5 159.1 311.4 188.5 116.3 334.1  90.5 166.9],[185 488 177 715 477 418 520 552 735]
[238.3 130.4 117.7  89.3 164.4 169.1   0.   45.5 355.9 272.5 409.3 340.8],[201 180 235 129 423 110 649 258 461 605 606  22]
"[271.  198.3 293.4 363.2   0.  339.4 201.8 298.7 379.2 192.1 405.6 199.2
 232.7 467.8 387.7 432.7 241.1 308.  398.8 243.6]","[ 23 493 304 706 353 337 617 729 284 123 375  87 678 420 264 175  71 417
 647   1]"
[  0.  119.6 244.1 380.6 446.1],[436  40 405 271  37]
[  0.  494.9],[153 620]
"[307.9 367.  245.7 245.7 245.7 245.7 272.2 463.3 281.7  27.7   0.   74.7
 498.  482.9  81.2 103.2 103.4 471.2 465.4 265.3 215.7 326.  350.3 459.2
 213.7 471.4 377.6  85.9 391.2 497.  391.  391.5]","[746 544 612 671 226 710  26 492 160 374  54 335 451 328 695 713 382 161
 707 602 624 500 629 688 685 152 318 347 199 725 334  57]"
[477.1 403.    0.  313.1 426.1],[651 547  30 305  36]
[ 71.5 303.9   0.  155.2 170.5 211.2 422.2 455.4 358.3],[202 251 484  32 427 494 635 565 411]
[ 49.3   0.  211.4 165.4 309.7 298.  223.6 298.4 244.1 477.2],[656 664  47 657 530 538 268 572 434   0]
"[ 70.8 332.5 134.8 495.6 363.  284.7 141.4 259.5 422.2 130.4 341.7 303.2
 303.2 232.9 212.4 248.1 422.2   0.   21.  406.6 482.  471.3 423.  436.4
 426.1]","[224 175 317  71 534 632 555 387 417 468 647 471  72 610 137 179 240 100
 171 246 642 106 189 653  28]"
[ 40.2   0.   60.9  56.  223.9 228. ],[413 422 265 543   7 399]
[  0.   47.5  72.1 236.1],[614 312 720 692]
"[367.5 313.2 188.    0.  497.1 363.2 209.1 195.4 185.6 220.7 215.2 434.9
 229.8 253.9 218.9 210.5 119.7 239.2 280.7]","[ 23 493 304 706 233 353 337 617 729 284 123 140 375  87  42 678 420 438
 264]"
[160.1 171.    0.  134.3  45.6],[ 76 276 237  99 372]
[ 95.1  52.1 144.1   0.  249.  103.6  85.8 166.  382.2],[194 181 332 648 473 124 322 740 392]
[398.9   6.8 432.9  68.7 334.3   0. ],[452 545 210 630 646  56]
"[459.8 462.4 235.  296.9 434.7  25.  312.5   0.  130.7 309.2 106.8  57.7
 131.5 385.2 178.8]",[159 230  73 503 581 540 441  60 184 604 217 212 355 447 377]
[188.5 355.2 138.8 399.7   0.  106.8 401.8 133.1  30.3],[185 488 177 715 477 418 520 552 735]
"[159.4 451.8   0.   51.9 257.6 463.  397.4  54.1 406.8 396.  386.  227.4
  93.2 342.1 328.4 293.5 225.8 203.7   9.4 234.7 218.1 209.4 214.5 240.7
 326.9 437.7 443.9 434.2 343.7]","[164 205 262 407 287 725  95 216 416 148 169 168 165 340  90  45  12 521
 712 593 230 330 581 342 447 146 261 528 183]"
[478.2 486.8 224.1 123.9 306.7 494.7   0.  391.4  91.5],[709 499 598 487 143 533 415 654 523]
"[474.2 420.3 280.7 387.7 459.9 361.3 421.  484.  377.  499.3 423.3 472.8
 164.9 380.7 491.4 465.1   0. ]",[493 304 706 353 337 617 729 284 123 375  87  42 678 420 438 380 264]
"[  0.  223.4 324.9 262.5 396.2 246.5 422.5 369.1 404.4 363.2 315.4 438.4
 262.  297.4 359.  399. ]",[694 193 731 577 529 513  25 588 559 603 281 600 717 292 203 704]
[285.8 244.1 420.8 140.9 112.1  89.3  26.7  65.2   0. ],[656 664  47 657 530 538 268 572 434]
"[ 83.9  61.5 153.5  72.1 335.8 320.7  51.9 335.8 214.2   0.  193.4 436.5
 338.7 134.1 285.7 225.3 333.4 207.4 290.8 125.4 472.6 458.1 488.6]","[502  58  64 576 621 348 550 291 556 208 568 250 296   4 350 215  14 463
 546 537 343 641 101]"
"[195.5  56.4 255.7 255.7 255.7 255.7 228.1  37.6 216.7 471.  498.  423.4
   0.   16.5 441.3  29.4  36.3  53.8 287.9  31.6]","[746 336 612 671 226 710  26 492 160 374  54 335 451 328 695 161 707 688
 685 152]"
[ 55.7  51.1  23.6  48.7 293.7   0. ],[517 384 498 279 209 425]
[396.5   0.  311.4],[166 167 714]
[290.9 188.4  18.9   0.   58. ],[551 369  67  38  46]
[419.7 333.1 335.8   0.  154.4 243.9 151.7],[380 450 367 404 512 661 294]
"[435.2 325.  347.2 445.5 346.1   0.  297.5  30.4 292.8 252.  134.9 149.9
 200.9 353.6 287.5 321.6 359.3 306.9 328.1]","[ 39 665 506 456 474 643  83 222  51  92 732  43 575 307 196 157 675  82
  74]"
[130.4 155.2 221.6 297.  125.9 223.6 267.2 345.  391.4 217.7   0.  474.7],[709 499 598 487 143  69 533 266 415 275 654 523]
"[322.  339.6 318.5 278.7 440.3 152.9 356.4  63.  179.4 140.9 172.6  91.6
 166.3   0.  214.9 150.  220.2 352.2 213.5  99.8 242.5 283.  407.3 342.2
 256.3]","[522 515 239 677 591 346  13 333 693 349 172  77 439 300 563 278 476 625
 519 479 742 495  68 628 730]"
[ 0.  70.7],[483 662]
[324.9 240.6 190.6 249.    0.  158.5 163.2 441.8 181.1 170.6],[194 181 332 648 473 124 322 589 740 392]
"[497.  492.4 421.6 402.  305.8 333.8 302.8 378.2 315.7 412.3 267.6 355.
  17.  463.  456.5 211.1   0.   89.3 435.8 249.6 138.8  82.3 261.6 422.3
 282.8 267.4 261.7 224.  433.5 343.9 360.4 472.4 439.1 483.2 401.4]","[ 54 695 713 382 602 624 500 629 318 347 199 164 205 262 407 287 725  95
 216 416 148 169 168 165 340  90 334  57 104  45  12 712 593 330 342]"
[417.4 317.2 313.1 305.7 189.8 331.7 326.  231.8   0. ],[270 315  61 338 182  70 684  18 163]
[166.8  82.6  70.  103.6 158.5   0.   39.6 161.6 313.8],[194 181 332 648 473 124 322 740 392]
[  0.  175.1],[154  35]
"[201.    0.  263.2 263.2 263.2 263.2 236.8  59.9 228.9 481.3 434.8  56.4
  66.3 459.1  76.   82.  103.4 306.2  80.2]","[746 336 612 671 226 710  26 492 160 374 335 451 328 695 161 707 688 685
 152]"
[122.6  79.9 278.6   0.   20.4  56.4],[  8  80 228  59 619  48]
"[ 78.9 414.9 146.5 480.9 233.1 154.5  98.7 284.6   0.  436.3 172.8 172.8
 451.3 105.4 294.  118.6 455.1 394.2 305.6 130.4 110.8 290.8 365.8 356.6
 474.5 474.5 336.3 348.6 418. ]","[224 175 317 743 534 632 555 387 468 647 471  72 613 610 137 179 541 267
 240 100 171 246 642 106 489 607 189 653  28]"
"[185.3 152.1   0.  188.  293.4  49.6  97.    5.6 491.5  88.1 101.8 469.
 113.8 105.4 292.5 283.7 228.4 309.2 420.3]","[ 23 493 304 706 353 337 617 729 733 284 123 140 375  87  42 678 420 438
 264]"
"[371.8 251.6 361.8 383.1 249.6 249.4 251.9 218.4 209.3 155.2 291.6   0.
 164.9 206.2]",[326 206 737 223  31 306 263 229 424 310 311 698 623 227]
[0. 0.],[282 586]
"[473.1 465.8 421.7 472.6 409.9 407.6 476.6 479.4 405.1 347.  477.5 348.5
   0.  202.9 228.6 408.9 278.3 220.9 303.5 394.  483.6]","[ 58 576 348 208 250 296 596 350 215  14 546 537 343 641 435 101 285 269
 508 371 204]"
[  0.   40.2  21.3  89.2 251.3 252.3],[413 422 265 543   7 399]
"[228.3 267.6 237.3 208.6 266.  214.3 206.1 189.9 170.8 201.1   0.  291.6
 197.  186.3]",[326 206 737 223  31 306 263 229 424 310 311 698 623 227]
"[459.  215.3 250.1 354.  421.6 399.3 272.5 297.4  83.4   0.  217.5 462.8
  68.3]",[201 180 235 129 423 110 649 258 461 605 606 690  22]
[488.    0.  173.7 182.  109.1 294.3 285.5 411.8],[118 158 397 459 727 151 526  98]
[292.8 306.    0.  278.1 161.9 196.3  91.9 434.  369.7  31.5 476.8  17. ],[643 222  51  92 732  43 575 307 196 157 675  82]
[  0.   35.7 444.5  55.3  72.4 474.  219.5],[536 297 690 361 620 700 562]
"[480.4  94.   23.5   0.  365.3 116.1 347.2 217.7 326.1 452.4 466.4 441.9
 421.  404.1 375.6 237.8]",[385  39 665 506 456 474 643  83 222  92 732  43 307 196 675  74]
"[158.7  59.9 219.6 219.6 219.6 219.6 192.1   0.  181.6 436.1 463.3 388.7
  37.6  28.2 408.7 469.6  26.8  29.3  49.8 255.1  31.4]","[746 336 612 671 226 710  26 492 160 374  54 335 451 328 695 713 161 707
 688 685 152]"
[ 55.3  90.4 498.2   0.   27.8 419.4 164.4],[536 297 690 361 620 700 562]
"[488.3 117.4   0.   23.5 368.3 107.  325.  200.3 303.5 429.8 443.3 418.4
 402.1 383.2 358.3 222.5]",[385  39 665 506 456 474 643  83 222  92 732  43 307 196 675  74]
"[265.6 267.2 291.2 278.9 396.2 202.  396.2 191.  207.4  39.7 360.9 263.8
  77.4 165.3 182.7 296.7   0.  171.5 263.2 472.8 481.  448.1 418.6]","[502  58  64 576 621 550 291 556 208 568 250 296   4 350 215  14 463 546
 537 406 641 467 101]"
[270.3 249.2  96.9 211.6   0.   31.2  48.4  88.5  80.7 210.8 224.2],[595 485 121 465 219  53 705 358 114 668 448]
[389.   64.9   0.  150.1],[348  10 308 596]
"[314.  222.5 237.8 128.9 328.1  33.7 297.7 279.  388.  333.8 453.5 193.6
 200.9 140.9   0. ]",[ 39 665 506 474 643  83 222  92 732  43 575 307 196 675  74]
[0. 0.],[282 586]
"[454.8 362.2 485.3 437.3 393.  398.7 402.5 327.3 164.7  58.3 442.6   0.
  26.8 485.   59.1 469.3 327.  316.2  85.5 469.3]","[250 406 641 435 467 101 285 426 344 490 371 491 362 204 221 482 319 431
 396 442]"
"[188.2 192.  217.5 204.1 343.5 454.8 124.6 343.5 152.9 134.1  59.5 396.1
 294.9   0.  209.6 192.6 314.1  77.4 215.9 213.1 482.2 453.2]","[502  58  64 576 621 348 550 291 556 208 568 250 296   4 350 215  14 463
 546 537 641 101]"
[419.5 224.3 248.1   0. ],[191 524 590 726]
[262.5  46.5   0.  133.8 427.7 253.5 244.3 349.8 373.2 337.7 451.1],[694 193 577 529 513  25 559 717 686 724 292]
[  0.  254.2  73.4],[462 200 248]
[214.7 165.4 375.    0.  155.6 150.8 114.3 206.1 140.9],[656 664  47 657 530 538 268 572 434]
[184.3  90.5 182.2   0.  247.7],[ 65   2 741   5 640]
[251.4   0.   69. ],[109 141 721]
[251.9  69.    0. ],[109 141 721]
[ 31.4 180.5 117.2   0.  351.7],[466 389 238 135 176]
"[215.3 368.4 234.4 349.7 319.2 368.3 474.5 368.  368.  169.1 432.9 413.4
 321.5 187.9 212.6 316.4 184.6  88.9 270.9 194.7 128.  247.7 137.1 137.1
 356.7 265.4 420.1 420.1 173.  177.4   0.    0.   97.5 166.5 153.4 184.1
 299.7 267.5 299.7 406.3 439.7 448.8 398.6]","[743 611 616  19 534 632 468 471  72 613 610 179  85 541 267  91 240 663
 138 246 145 290 642 106 454 363 113 582 496 187 489 607 231 189 653 634
 480 394 583 211 608 525  28]"
[112.1  36.3   0.  233.1 281.  387.7],[573 386 378 286  49 638]
[  0.  479.4 248.3],[667 202 251]
[278.2 313.7 421.6 489.  464.8 340.8 365.   16.   68.3 203.  398.9   0. ],[180 235 129 423 110 649 258 461 605 606 690  22]
[378.2 355.5   0.  131.5  82.2],[533 275 674 682 236]
[ 11.9   0.  171.  376.4  65.8 125.5],[ 76 276 237  89  99 372]
"[219.3 216.4  88.1 220.7 462.5 379.2  39.9 185.2  83.7 404.7   0.  189.1
 396.7  26.4 183.8 247.1 361.2 211.9 260.  484. ]","[ 23 493 304 706 233 353 337 617 729 733 284 123 140 375  87  42 678 420
 438 264]"
"[  0.  194.9 252.3 257.4 261.  345.7 304.  354.  490.4 391.9 123.9 114.3
 120.1 476.6 129.9 133.6 228.8 417.4]",[270 119 599 254 535 626 116 553 190 470 315  61 338 182  70 684  18 163]
"[217.7 301.3 361.5 412.7 327.9 355.4  42.9 390.4 375.7  69.3 190.4 322.9
   0.  167.  269.  327.3 301.3 376.6 432.7 407.6]","[250 296 350 215  14 546 406 641 435 467 101 285 426 344 490 491 362 221
 319 396]"
"[328.3 445.4 270.2 270.2 270.1 270.2 291.9 469.6 295.7 110.3 103.2 121.8
 484.4  70.9   0.  102.9 471.8 465.3 251.1 206.2 315.6 362.2 454.6 216.4
 470.9 370.7  77.8 371.1 433.5 421.6 495.6 369.3 291.9]","[746 544 612 671 226 710  26 492 160 374  54 335 328 695 713 382 161 707
 602 624 500 629 688 685 152 318 347 199 205 725  95 334  57]"
"[315.4 466.8  43.9  86.5 485.7  91.9  88.5 390.7   0.  158.3 210.  459.5
  96.7  44.7  85.2]",[694 193 731 513 564 588 603 314 281 600 717 464 292 203 704]
"[411.7 377.5 228.4 119.7 377.5 467.8 222.5 278.5 223.6 422.4 211.9 295.8
 315.8 206.7 323.   99.3 330.    0.  119.6 380.7 447.6]","[ 23 493 304 706 233 353 337 617 729 733 284 123 140 375  87  42 678 420
 438 264 601]"
[0.],[220]
"[324.9 492.3   0.  119.8 447.1  53.1  48.5 352.1  43.9 124.3 250.2 423.2
 140.1  65.3  80.4]",[694 193 731 513 564 588 603 314 281 600 717 464 292 203 704]
[  0.  453.2 471.  313.1 468.8 487.2 494.7 421.5 462.3 462.4],[320 173 437 242  57 497 345 104 142 309]
"[401.7 159.8 382.4 184.8 222.8 368.6 191.9 192.8 103.9 193.1  57.1  55.
 175.6   0.  166.3 144.  274.3 133.5 475.  261.3  72.8 126.9 135.9 474.5
 283.1 184.7]","[430 522 702 515 239 677 346  13 333 693 349 172  77 439 300 563 278 476
 625 519 479 742 495 351 628 730]"
[114.8 125.5  45.6 488.   92.    0. ],[ 76 276 237  89  99 372]
[  0.  294.4],[120 133]
[ 27.5 186.1  76.5  39.1 141.7   0.  244.3],[531 452 408 127 210  81 646]
"[443.3 466.4 442.2 134.9 364.2 144.7 161.9 196.2   0.   68.4  71.7 340.8
 270.  188.9 368.3 174.7 388. ]",[665 506 474 643  83 222  51  92 732  43 575 307 196 157 675  82  74]
"[228.1 455.6 103.8 207.1  51.1 282.  494.6 326.2   0.  295.5 309.2 220.2
 215.3 340.2 192.8 356.4 216.4 436.5 197.7 376.7 265.5 158.7  95.  293.5
 283.3 222.5]","[430 324 522 702 515 239 677 346  13 333 693 349 172  77 439 300 563 278
 476 519 479 742 495 351 628 730]"
[148.1 360.4 198.9 368.3 365.3   0.  474.5 445.5 450.5],[385  39 444 665 506 456 474 643 222]
[0.],[739]
[311.4  98.9 262.2   0.  399.7 298.1  44.9 282.3 369.8 310.7],[185 488 177 715 477 418 520 552 735 339]
"[ 35.4 228.9  42.3  42.3  42.1  42.3  17.4 181.6   0.  254.5 281.7 207.1
 216.7 201.9 230.6 295.7 372.9 190.7 185.3 488.6 182.   80.  191.4 347.7]","[746 336 612 671 226 710  26 492 160 374  54 335 451 328 695 713 382 161
 707 624 688 685 152 347]"
[463.3   0. ],[481 728]
[ 85.8 296.1   0.  117.2 250.4],[466 389 238 135 176]
[39.7  0. ],[410 379]
"[445.5 273.4 424.3 175.9 399.7 281.  481.4 140.5 222.5 223.1 111.7 145.1
 239.7 187.6 184.7 256.3  44.5 259.3  51.2 410.  165.5 222.5  73.8 130.7
 428.5 403.5  98.7   0. ]","[430 522 702 515 239 677 591 346  13 333 693 349 172  77 439 300 563 278
 476 625 519 479 742 495  68 351 628 730]"
[362.4 196.8   0.   26.2 224.3],[391 191 524 590 726]
[  0.  141.6 233.1],[440 585 366]
[  0.  170.4  54.3  65.6 131.6  27.5 495.8 231.6],[531 452 408 127 210  81 630 646]
[ 0.  14.5],[557 188]
[  0.   78.2  63.9  45.   82.1 173.6 476.7 399.2 231.1 254.5 207.2],[195 370 433 125 364 130 672 357 501 618 666]
[170.5   0.  196.8 171.8 419.5],[391 191 524 590 726]
"[304.  142.2  88.6  60.4  46.4  41.9   0.   50.1 187.5  99.3 392.9 396.6
 404.1 428.  432.6]",[270 119 599 254 535 626 116 553 190 470 315  61 338  70 684]
[99.4  0. ],[722 570]
"[6.220e+01 2.632e+02 0.000e+00 0.000e+00 3.000e-01 0.000e+00 2.780e+01
 2.196e+02 4.230e+01 2.181e+02 2.457e+02 1.719e+02 2.557e+02 2.415e+02
 2.020e+02 2.702e+02 3.405e+02 2.307e+02 2.256e+02 4.563e+02 2.234e+02
 6.670e+01 2.317e+02 3.162e+02]","[746 336 612 671 226 710  26 492 160 374  54 335 451 328 695 713 382 161
 707 624 688 685 152 347]"
"[  0.  348.1 159.4 190.1 191.1 355.  313.1 174.  249.4 257.4 291.9  93.5
 195.9 183.  170.3 349.2 137.8  74.3 359.2 166.4 124.8 225.5 143.2 340.4
 107.1 458.8 500. ]","[164 205 262 407 287 725  95 216 416 148 169 168 165 340  90 104  45  12
 521 712 593 230 330 581 342 447 183]"
"[435.3 493.4 170.8 430.3 260.2 413.6 182.1 235.  435.2 356.6 232.7 232.7
 122.4 301.6 281.5 360.6 136.3 114.3 379.3  51.8 160.4 471.3 361.7 456.5
  65.8 177.7 332.6  14.4   0.  450.8 350.4 271.7 283.2 137.1 137.1 227.4
 140.2 135.6 317.9 435.9 404.5 435.9 404.4]","[224 317 743 611 616  19 534 632 555 468 471  72 613 610 179  85 541 267
  91 240 663 100 138 171 246 145 290 642 106 454 363 496 187 489 607 231
 189 653 634 480 394 583  28]"
[446.  226.5   0. ],[516  94  16]
[241.5  75.7   0.    7.7  93.8 116.3],[633 247  63 295 566  24]
"[391.9 208.1 145.2 159.6 132.9  64.6  99.3  63.3 127.4   0.  467.3 474.3
 481.9]",[270 119 599 254 535 626 116 553 190 470 315  61 338]
[ 52.3   0.   73.7   4.7 313.8  51.1],[517 384 498 279 209 425]
[387.4 444.5 408.9 462.8   0.  398.9 498.2],[461 536 297 605 690  22 361]
"[ 36.9 267.6  69.8 442.9 454.3 455.9   0.  362.8 157.7 385.4 397.  117.1
  85. ]",[680 677 591 346 693  77 105 278 625 519   0  68 419]
[4.6 0. ],[108 597]
[412.    0.    7.7 230.8],[696 701 107  50]
[179.1   0.  438.2 215.3 164.4],[669 329 132 126 259]
[329.8   0.  248.2],[ 79 475 584]
"[477.7 434.  421.  418.  445.6 450.2 461.9 401.1 480.2 327.4 314.5 487.9
 352.9 321.9 436.7 435.9 342.5 327.4 362.1 362.1 278.6 261.  299.7 299.7
 229.4 405.6 393.3 393.3 373.2 152.9   0.   53.9   0.  434.2 147.8 463.2
 349.6 171.1 381.1 367.3 496.3 454.9]","[743 611 616  19 613  85 541  91 240 663 138 246 145 290 642 106 454 363
 113 582 496 187 489 607 231 189 653  33 174 634 480 394 583  97 211 402
 670 608 525 198  28  44]"
[494.7  44.5  29.  202.5  16.    0.   69.9  70.5],[320 173 437 242 497 345 142 309]
[  0.   83.  477.1 167.3 101.6  76.6],[651 547  30 305 149  36]
[244.1 124.9   0.  154.5 264.9 483.1],[436  40 405 271  37 280]
"[204.8 243.  172.4 255.5 207.9 498.9 167.7 207.9   0.  214.2 151.2 445.1
 152.9 352.9 345.4 466.9 191.  359.3 332.4]","[502  58  64 576 621 348 550 291 556 208 568 296   4 350 215  14 463 546
 537]"
[ 0.  63.6],[93 21]
[  0.  392.9 196.2 270.7 476. ],[711 445 457 257 592]
[ 63.9 135.3   0.   66.3 132.7 135.  413.  294.7 318.1 268.8],[195 370 433 125 364 130 357 501 618 666]
"[299.4 200.3 217.7 117.6 297.5   0.  267.3 270.5 364.2 313.1 431.3 204.7
 200.2 158.1  33.7]",[ 39 665 506 474 643  83 222  92 732  43 575 307 196 675  74]
[495.8 331.5  75.5 448.4 364.4   0.  266.6  68.7],[531 452 545 408 210 630 646  56]
"[294.6 266.8 340.8 253.8   0.  344.9 371.  498.9 320.7 389.  244.9 454.8
 474.3 296.5 421.7]",[502  58  64 576 348 550  10 556 208 308 596   4 215 537 343]
[333.2 327.8 214.6   0.  126.3 204.9],[255  20 162 580 505 509]
[ 0.  67.3 77.9],[455 514  96]
"[464.2 492.3 410.8 483.  362.2 362.2 491.7  41.8  74.2 438.6 367.3 370.
 367.3  73.9 408.1 344.4 394.1   0.  120.1]","[138 290 454 363 113 582 187  33 174 634 480 394 583  97 211 402 608 198
  44]"
"[125.7 256.3 106.5 238.7 332.2 400.  392.8 392.8 105.2 468.2 447.6 197.4
 116.8 174.3 204.3 227.4  39.7 185.9 242.7   0.  155.8 167.1 177.7 274.6
 173.4 344.4 344.4 106.5 122.9 128.  128.  126.8 275.3 264.  203.6 352.9
 306.6 352.9 484.4]","[743 611 616  19 534 632 471  72 613 610 179  85 541 267  91 240 663 138
 246 145 290 642 106 454 363 113 582 496 187 489 607 231 189 653 634 480
 394 583 211]"
[448.8   0. ],[412 414]
[0.],[150]
[352.4 337.7 257.3 150.5 170.3 411.2 470.9  55.3   0.  340.3],[193 577 529  25 559 554 717 686 724 659]
[451.7   0.  117.4  94.  360.4 185.1 435.2 299.4 416.  493.  454.7 314. ],[385  39 665 506 456 474 643  83 222 196 675  74]
[405.7   0.  439.7  75.5 341.1   6.8],[452 545 210 630 646  56]
[0.],[689]
[407.2 180.6 428.4   0.  230.9 428.4 259. ],[430 324 702 681 323 376 283]
"[200.9 431.3 214.4  91.9 231.6  71.7 121.1   0.  385.5 316.4 121.  420.2
 106.2 453.5]",[643  83 222  51  92 732  43 575 307 196 157 675  82  74]
[167.6  87.  108.6  85.8 163.2  39.6   0.  125.4 303.6],[194 181 332 648 473 124 322 740 392]
[0.],[253]
[207.2 172.6 268.8 211.8 191.4 371.1 278.2 361.1  52.7 104.6   0. ],[195 370 433 125 364 130 672 357 501 618 666]
[0.],[542]
"[328.5 491.5 204.5 444.5 150.5 486.5 166.3   0.  404.7 190.  378.4 337.9
 422.7 379.9 422.4 322.9 298.2 321.7 321.5 467.6 443.8]","[637 304 233 337 639 729 245 733 284 140 375  42 564 719 420 438 112 232
 144 464 601]"
[399.2 441.  413.  359.  457.9 387.3   0.  412.1 464.6 361.1],[195 370 433 125 364 672 357 501 618 666]
[ 93.2  71.9 434.6 489.5 347.3   0.  458.7 122.9 299.7 356.4 223.6],[709 499 598 487 143  69 533 266 256 275 654]
[272.8   0.   91.9  90.5 255.6],[ 65   2 741   5 640]
[153.2 142.5 397.  204.9 174.5   0. ],[255  20 162 580 505 509]
"[183.  285.  342.1 368.7 245.1 282.8 290.9 350.5  72.2 145.5 260.8 142.
 364.3   0.   22.3 361.2 196.   75.3 130.4 349.3 189.1 349.8 244.8 151.5]","[164 205 262 407 287 725  95 216 416 148 169 168 165 340  90  57 104  45
  12 712 593 230 330 342]"
"[413.5 493.1 443.9 457.3 459.8 376.6 219.2 111.6 470.8  59.1  84.4   0.
 447.1 302.9 260.9  31.3 494.3 447.1]",[406 435 467 101 285 426 344 490 371 491 362 221 482 319 431 396 156 442]
"[261.7 459.1 448.2 202.  202.  201.9 202.  225.1 408.7 230.6  68.9  81.2
  55.7 441.3 425.5   0.   70.9 145.1 413.1 406.9 307.5 259.5 371.4 408.6
 398.1 153.6 412.7 425.7 119.  431.2 492.4 430.  352.9]","[746 336 544 612 671 226 710  26 492 160 374  54 335 451 328 695 713 382
 161 707 602 624 500 629 688 685 152 318 347 199 725 334  57]"
"[437.7 417.  437.3 438.2 385.7 245.2 430.5 330.2 274.1   0.   15.   35.9
 119.1]",[262 407 216 165 696 521 712 581 447 146 261 528 183]
[407.4 392.  351.6 167.1 110.1 213.1   0. ],[ 32 427 494 635 565 411 289]
[94.8 57.7 32.7  0.  89.4],[178 341 327  29 272]
[350.6 311.7  84.3 280.1  80.7  93.7  84.2  83.8   0.  138.1 152.3],[595 485 121 465 219  53 705 358 114 668 448]
[303.5 339.7 306.  345.   94.9   0.  112.9 183.1 477.2],[343 641 435 285 269 508 371 204 214]
"[344.4 292.5 265.3 334.8 307.5 251.1 165.    0.   49.7  64.5 125.7 461.1
 119.7 189.5 125.9 308.4 479.7 305.8 342.2 439.6 361.  125.6 336.2]","[544 374  54 335 695 713 382 602 624 500 629 685 318 347 199 205 287 725
  95 148 169 334  57]"
[323.4 250.4 351.7   0. ],[466 238 135 176]
"[495.2  93.5 255.1 227.4 241.8 122.3 261.6 224.7 221.7 190.9 169.8 201.3
   0.  228.7 142.  121.7 490.  421.1 335.1 140.3 115.1 431.  236.1 192.4
 317.4 227.  426.8 160.1]","[199 164 205 262 407 287 725  95 216 416 148 169 168 165 340  90 334  57
 104  45  12 521 712 593 230 330 581 342]"
"[377.4 372.4 316.2 316.2 316.1 316.2 340.9 347.7 109.7  85.9 146.9 119.
  77.8  26.6 189.5 140.9 253.  290.7 272.3 307.    0.  314.5 421.7 412.3
 476.7 486.5 313.6 324.4]","[746 544 612 671 226 710  26 160 374  54 335 695 713 382 602 624 500 629
 685 318 347 199 205 725  95 169 334  57]"
[428.4 201.3 489.  492.9   0.  235.7 218.1],[681 323 744 527 376 723 283]
[ 0.  13.6],[567 507]
[491.1   0.  114.2   8.2],[ 88 652 738 660]
"[  0.  473.6 217.  215.9 328.5 493.2 415.3 433.9 451.2 405.6 438.1 448.5
 464.5]",[637 233 639 245 733 140 564 719 314 112 232 144 464]
[  0.   85.4 112.1 216.8 290.1 379.4],[573 386 378 286  49 638]
"[407.4 482.7 307.1 375.7 257.9 271.9 430.9 336.3 280.7 280.7 256.3 323.7
 307.7 472.1 272.5 253.7 476.7 139.8 242.5 423.  437.1 413.2 134.3 275.3
 412.8 153.8 140.2 430.7 339.2 343.9 166.5 166.5 258.2   0.   13.6 332.2
 405.6 390.7 405.6 468.1 395.7 264.8]","[224 317 743 616 534 632 555 468 471  72 613 610 179  85 541 267  91 240
 663 100 138 171 246 145 290 642 106 363 496 187 489 607 231 189 653 634
 480 394 583 211 525  28]"
[59.8  0. ],[393 136]
[0.],[446]
[  0.  393.5 274.5  75.6 397.7],[627 103 134 288 260]
"[257.4 130.1 101.    0.   51.9  98.8  60.4 104.8 235.  159.6 357.3 358.1
 365.3 376.7 381.6 483.6]",[270 119 599 254 535 626 116 553 190 470 315  61 338  70 684  18]
[0.],[716]
"[247.5 129.7 133.6 110.8 484.8 250.3 128.6 255.4 319.5  84.  382.9 175.3
  31.4 398.  155.8   0.  322.6 332.6 118.8  18.1 189.1 189.1  77.1  81.5
 247.7 247.7 175.9 412.8 400.1 490.5 446.1 180.8 321.9 268.  321.9 469.1
 492.8 492.3]","[743 611 616  19 534 613  85 541 267  91 240 663 138 246 145 290 642 106
 454 363 113 582 496 187 489 607 231 189 653  33 174 634 480 394 583 211
 608 198]"
[  0. 387.],[703 516]
"[228.7 267.6 332.5 454.7  79.2   0.  208.2 382.  154.5  21.4  21.4 308.8
  68.2 427.6  47.6 309.7 246.2 184.3 391.4 284.7 265.3 173.6 400.  240.3
 235.  368.3 368.3 461.9 271.9 280.4 450.5]","[224 317 743 616 534 632 555 387 468 471  72 613 610 137 179 541 267 240
 663 100 171 246 145 642 106 489 607 231 189 653  28]"
"[438.1 207.5 258.6 247.5 321.7 273.2 483.9 158.   82.3 463.5 251.3  32.7
 481.9   0.   14.3 181.  286.4]",[637 233 639 245 733 140  42 564 719 438 314 112 600 232 144 464 601]
"[461.2 490.5 401.3 479.9 347.6 347.6 496.8   0.   48.  452.2 393.3 391.1
 393.3  41.1 443.8 382.1 431.3  41.8  78.5]","[138 290 454 363 113 582 187  33 174 634 480 394 583  97 211 402 608 198
  44]"
[  0.  491.1 383.2 494.8],[ 88 652 738 660]
"[475.9 405.2 493.8 342.9 342.9  78.5  81.7 495.1 454.9 446.  454.9  58.3
 450.9 120.1   0.  491.1 491.1]",[138 454 363 113 582  33 174 634 480 394 583  97 402 198  44 609 645]
[ 44.    0.   85.5  57.7 146.9],[178 341 327  29 272]
"[114.3 266.5 329.2 358.1 350.9 437.  396.6 446.  474.3  22.7   0.    7.6
 402.5 127.2 126.  170.6 313.1]",[270 119 599 254 535 626 116 553 470 315  61 338 182  70 684  18 163]
[113.6 311.4   0. ],[166 167 714]
"[397.8 418.4 391.2 460.4 431.2 371.1 290.6 125.9 175.5  69.4 116.9  49.2
 314.5   0.  263.2 396.5 267.6 270.7 406.  296.4 495.2   6.  381.1]","[544 374  54 335 695 713 382 602 624 500 629 318 347 199 205 287 725  95
 148 169 168 334  57]"
[  0.  120.1 245.5],[429 388 510]
[0.],[745]
"[432.1 380.6 369.5 364.4 403.  396.4 418.5 464.1 347.2 451.4 284.  260.6
 460.3 306.6 268.  403.9 404.5 291.7 273.5 316.1 316.1 226.7 208.8 267.5
 267.5 187.3 390.7 377.8 391.1 365.1 103.4  53.9   0.   53.9 432.1 201.7
 399.7 224.9 418.2 370.  446. ]","[743 611 616  19 613  85 541 267  91 240 663 138 246 145 290 642 106 454
 363 113 582 496 187 489 607 231 189 653  33 174 634 480 394 583  97 211
 670 608 525 198  44]"
[ 35.7   0.  408.9  90.4 107.9 253.9],[536 297 690 361 620 562]
"[343.6 477.4   0.   90.2 212.4  77.9 235.  113.   75.  286.5 186.  105.6
 413.4]",[159 230  73 503 540 441  60 184 604 217 212 355 377]
[ 0.  59.8],[393 136]
[ 83.    0.  403.   89.9 162.2  28.8],[651 547  30 305 149  36]
"[ 34.6 323.2 145.1 309.1 234.6 309.7 455.1 298.5 298.5  19.  377.  356.5
 242.9   0.   65.  276.8 168.5 134.6 286.7 184.4 116.8 255.4 121.9 136.3
 371.3 270.8 442.1 442.1 221.4 238.8 187.9 187.9 232.5 272.5 265.6 317.1
 461.9 418.5 461.9]","[743 611 616  19 534 632 468 471  72 613 610 179  85 541 267  91 240 663
 138 246 145 290 642 106 454 363 113 582 496 187 489 607 231 189 653 634
 480 394 583]"
[379.4 361.4 387.7 162.9 112.    0. ],[573 386 378 286  49 638]
[137.7  67.    0. ],[ 66  55 622]
"[487.8 354.5 467.  232.4 494.4 286.6 474.8 203.  283.3 317.  171.4 243.2
 338.  261.8 283.1 342.2 142.1 309.7 149.7 416.7 192.1 319.7 164.  205.6
 419.  386.7   0.   98.7]","[430 522 702 515 239 677 591 346  13 333 693 349 172  77 439 300 563 278
 476 625 519 479 742 495  68 351 628 730]"
"[431.  372.4 286.5 475.7 321.9 328.  106.9 357.7 106.8 208.1 360.4   0.
 112.2 201.1 282.5 186.  439.7]",[521 230  73 330 503 581 540 441  60 184 604 217 212 355 447 377 183]
[  0.  376.3 246.1 459.9],[539 271  37 280]
[236.1 189.9 166.6   0.  340.1],[614 312 720 692 213]
